ligand_id,iupac,glycoct,glytoucan_id,monosac_composition
G51331BY,Gal(b1-4)GlcNAc,"RES
1b:x-dglc-HEX-1:5
2s:n-acetyl
3b:b-dgal-HEX-1:5
LIN
1:1d(2+1)2n
2:1o(4+1)3d",G51331BY,"Gal:1,Glc:1,GlcNAc:1"
G68158BT,Gal,"RES
1b:x-dgal-HEX-1:5",G68158BT,Gal:1
nan,nan,nan,nan,
G27025MB,GalNAc,"RES
1b:x-dgal-HEX-1:5
2s:n-acetyl
LIN
1:1d(2+1)2n",G27025MB,"Gal:1,GalNAc:1"
G74621DY,Gal(b1-4)Glc,"RES
1b:x-dglc-HEX-1:5
2b:b-dgal-HEX-1:5
LIN
1:1o(4+1)2d",G74621DY,"Gal:1,Glc:1"
G70323CJ,Man,"RES
1b:x-dman-HEX-1:5",G70323CJ,Man:1
G29313LW,Man(a1-2)Man,"RES
1b:x-dman-HEX-1:5
2b:a-dman-HEX-1:5
LIN
1:1o(2+1)2d",G29313LW,Man:2
G57306WK,Man(a1-3)Man(a1-3)Man,"RES
1b:x-dman-HEX-1:5
2b:a-dman-HEX-1:5
3b:a-dman-HEX-1:5
LIN
1:1o(3+1)2d
2:2o(3+1)3d",G57306WK,Man:3
G07490EK,Man(a1-3)Man,"RES
1b:x-dman-HEX-1:5
2b:a-dman-HEX-1:5
LIN
1:1o(3+1)2d",G07490EK,Man:2
G15021LG,Glc,"RES
1b:x-dglc-HEX-1:5",G15021LG,Glc:1
G46613JI,Gal(b1-3)GalNAc(b1-4)[NeuAc(a2-3)]Gal(b1-4)Glc,"RES
1b:x-dglc-HEX-1:5
2b:b-dgal-HEX-1:5
3b:a-dgro-dgal-NON-2:6|1:a|2:keto|3:d
4s:n-acetyl
5b:b-dgal-HEX-1:5
6s:n-acetyl
7b:b-dgal-HEX-1:5
LIN
1:1o(4+1)2d
2:2o(3+2)3d
3:3d(5+1)4n
4:2o(4+1)5d
5:5d(2+1)6n
6:5o(3+1)7d",G46613JI,"Gal:3,GalNAc:1,Glc:1,Neu:1,NeuAc:1"
G24260RG,Man(a1-3)[Man(a1-6)]Man,"RES
1b:x-dman-HEX-1:5
2b:a-dman-HEX-1:5
3b:a-dman-HEX-1:5
LIN
1:1o(3+1)2d
2:1o(6+1)3d",G24260RG,Man:3
G56516VH,NeuAc(a2-3)Gal(b1-4)Glc,"RES
1b:x-dglc-HEX-1:5
2b:b-dgal-HEX-1:5
3b:a-dgro-dgal-NON-2:6|1:a|2:keto|3:d
4s:n-acetyl
LIN
1:1o(4+1)2d
2:2o(3+2)3d
3:3d(5+1)4n",G56516VH,"Gal:1,Glc:1,Neu:1,NeuAc:1"
G81533KY,NeuAc,"RES
1b:x-dgro-dgal-NON-2:6|1:a|2:keto|3:d
2s:n-acetyl
LIN
1:1d(5+1)2n",G81533KY,"Neu:1,NeuAc:1"
G80384UV,GlcN,"RES
1b:x-dglc-HEX-1:5
2s:amino
LIN
1:1d(2+1)2n",G80384UV,Glc:1
G81262CB,GlcNAc(b1-4)GlcNAc(b1-4)GlcNAc,"RES
1b:x-dglc-HEX-1:5
2s:n-acetyl
3b:b-dglc-HEX-1:5
4s:n-acetyl
5b:b-dglc-HEX-1:5
6s:n-acetyl
LIN
1:1d(2+1)2n
2:1o(4+1)3d
3:3d(2+1)4n
4:3o(4+1)5d
5:5d(2+1)6n",G81262CB,"Glc:3,GlcNAc:3"
G98511QW,GlcNAc(b1-4)GlcNAc(b1-4)GlcNAc(b1-4)GlcNAc,"RES
1b:x-dglc-HEX-1:5
2s:n-acetyl
3b:b-dglc-HEX-1:5
4s:n-acetyl
5b:b-dglc-HEX-1:5
6s:n-acetyl
7b:b-dglc-HEX-1:5
8s:n-acetyl
LIN
1:1d(2+1)2n
2:1o(4+1)3d
3:3d(2+1)4n
4:3o(4+1)5d
5:5d(2+1)6n
6:5o(4+1)7d
7:7d(2+1)8n",G98511QW,"Glc:4,GlcNAc:4"
G05952XV,NeuAc(a2-3)Gal(b1-3)GalNAc(b1-4)[NeuAc(a2-8)NeuAc(a2-3)]Gal(b1-4)Glc,"RES
1b:x-dglc-HEX-1:5
2b:b-dgal-HEX-1:5
3b:a-dgro-dgal-NON-2:6|1:a|2:keto|3:d
4s:n-acetyl
5b:a-dgro-dgal-NON-2:6|1:a|2:keto|3:d
6s:n-acetyl
7b:b-dgal-HEX-1:5
8s:n-acetyl
9b:b-dgal-HEX-1:5
10b:a-dgro-dgal-NON-2:6|1:a|2:keto|3:d
11s:n-acetyl
LIN
1:1o(4+1)2d
2:2o(3+2)3d
3:3d(5+1)4n
4:3o(8+2)5d
5:5d(5+1)6n
6:2o(4+1)7d
7:7d(2+1)8n
8:7o(3+1)9d
9:9o(3+2)10d
10:10d(5+1)11n",G05952XV,"Gal:3,GalNAc:1,Glc:1,Neu:3,NeuAc:3"
G01187XC,Gal(b1-4)[Fuc(a1-3)]GlcNAc,"RES
1b:x-dglc-HEX-1:5
2s:n-acetyl
3b:a-lgal-HEX-1:5|6:d
4b:b-dgal-HEX-1:5
LIN
1:1d(2+1)2n
2:1o(3+1)3d
3:1o(4+1)4d",G01187XC,"Fuc:1,Gal:1,Glc:1,GlcNAc:1"
G90387AM,NeuAc(a2-3)Gal(b1-4)[Fuc(a1-3)]GlcNAc,"RES
1b:x-dglc-HEX-1:5
2s:n-acetyl
3b:a-lgal-HEX-1:5|6:d
4b:b-dgal-HEX-1:5
5b:a-dgro-dgal-NON-2:6|1:a|2:keto|3:d
6s:n-acetyl
LIN
1:1d(2+1)2n
2:1o(3+1)3d
3:1o(4+1)4d
4:4o(3+2)5d
5:5d(5+1)6n",G90387AM,"Fuc:1,Gal:1,Glc:1,GlcNAc:1,Neu:1,NeuAc:1"
G29014XV,NeuAc(a2-3)Gal(b1-4)[Fuc(a1-3)]GlcNAc(b1-6)[Gal(b1-3)]GalNAc,"RES
1b:x-dgal-HEX-1:5
2s:n-acetyl
3b:b-dgal-HEX-1:5
4b:b-dglc-HEX-1:5
5s:n-acetyl
6b:a-lgal-HEX-1:5|6:d
7b:b-dgal-HEX-1:5
8b:a-dgro-dgal-NON-2:6|1:a|2:keto|3:d
9s:n-acetyl
LIN
1:1d(2+1)2n
2:1o(3+1)3d
3:1o(6+1)4d
4:4d(2+1)5n
5:4o(3+1)6d
6:4o(4+1)7d
7:7o(3+2)8d
8:8d(5+1)9n",G29014XV,"Fuc:1,Gal:3,GalNAc:1,Glc:1,GlcNAc:1,Neu:1,NeuAc:1"
G32648VR,Gal(b1-4)GlcNAc(b1-2)[Gal(b1-4)GlcNAc(b1-3)]Gal,"RES
1b:x-dgal-HEX-1:5
2b:b-dglc-HEX-1:5
3s:n-acetyl
4b:b-dgal-HEX-1:5
5b:b-dglc-HEX-1:5
6s:n-acetyl
7b:b-dgal-HEX-1:5
LIN
1:1o(2+1)2d
2:2d(2+1)3n
3:2o(4+1)4d
4:1o(3+1)5d
5:5d(2+1)6n
6:5o(4+1)7d",G32648VR,"Gal:3,Glc:2,GlcNAc:2"
G49963IQ,Fuc(a1-2)Gal(b1-4)[Fuc(a1-3)]GlcNAc,"RES
1b:x-dglc-HEX-1:5
2s:n-acetyl
3b:a-lgal-HEX-1:5|6:d
4b:b-dgal-HEX-1:5
5b:a-lgal-HEX-1:5|6:d
LIN
1:1d(2+1)2n
2:1o(3+1)3d
3:1o(4+1)4d
4:4o(2+1)5d",G49963IQ,"Fuc:2,Gal:1,Glc:1,GlcNAc:1"
G10422IZ,Fuc(a1-2)Gal(b1-4)Glc,"RES
1b:x-dglc-HEX-1:5
2b:b-dgal-HEX-1:5
3b:a-lgal-HEX-1:5|6:d
LIN
1:1o(4+1)2d
2:2o(2+1)3d",G10422IZ,"Fuc:1,Gal:1,Glc:1"
G82576YO,Fuc,"RES
1b:x-lgal-HEX-1:5|6:d",G82576YO,Fuc:1
G92110HD,GlcNAc(b1-4)GlcNAc(b1-4)GlcNAc(b1-4)GlcNAc(b1-4)GlcNAc(b1-4)GlcNAc(b1-4)GlcNAc(b1-4)GlcNAc,"RES
1b:x-dglc-HEX-1:5
2s:n-acetyl
3b:b-dglc-HEX-1:5
4s:n-acetyl
5b:b-dglc-HEX-1:5
6s:n-acetyl
7b:b-dglc-HEX-1:5
8s:n-acetyl
9b:b-dglc-HEX-1:5
10s:n-acetyl
11b:b-dglc-HEX-1:5
12s:n-acetyl
13b:b-dglc-HEX-1:5
14s:n-acetyl
15b:b-dglc-HEX-1:5
16s:n-acetyl
LIN
1:1d(2+1)2n
2:1o(4+1)3d
3:3d(2+1)4n
4:3o(4+1)5d
5:5d(2+1)6n
6:5o(4+1)7d
7:7d(2+1)8n
8:7o(4+1)9d
9:9d(2+1)10n
10:9o(4+1)11d
11:11d(2+1)12n
12:11o(4+1)13d
13:13d(2+1)14n
14:13o(4+1)15d
15:15d(2+1)16n",G92110HD,"Glc:8,GlcNAc:8"
G78260AJ,Gal(a1-3)Gal,"RES
1b:x-dgal-HEX-1:5
2b:a-dgal-HEX-1:5
LIN
1:1o(3+1)2d",G78260AJ,Gal:2
G24499XE,GalNAc(b1-3)Gal(a1-4)Gal(b1-4)Glc,"RES
1b:x-dglc-HEX-1:5
2b:b-dgal-HEX-1:5
3b:a-dgal-HEX-1:5
4b:b-dgal-HEX-1:5
5s:n-acetyl
LIN
1:1o(4+1)2d
2:2o(4+1)3d
3:3o(3+1)4d
4:4d(2+1)5n",G24499XE,"Gal:3,GalNAc:1,Glc:1"
G64581RP,GlcNAc,"RES
1b:x-dglc-HEX-1:5
2s:n-acetyl
LIN
1:1d(2+1)2n",G64581RP,"Glc:1,GlcNAc:1"
G78436BB,Gal(b1-3)GalNAc,"RES
1b:x-dgal-HEX-1:5
2s:n-acetyl
3b:b-dgal-HEX-1:5
LIN
1:1d(2+1)2n
2:1o(3+1)3d",G78436BB,"Gal:2,GalNAc:1"
G51964GO,Man(a1-6)[Man(a1-3)]Man(a1-6)[Man(a1-3)]Man,"RES
1b:x-dman-HEX-1:5
2b:a-dman-HEX-1:5
3b:a-dman-HEX-1:5
4b:a-dman-HEX-1:5
5b:a-dman-HEX-1:5
LIN
1:1o(3+1)2d
2:1o(6+1)3d
3:3o(3+1)4d
4:3o(6+1)5d",G51964GO,Man:5
G09776OJ,GlcNAc(b1-6)Gal,"RES
1b:x-dgal-HEX-1:5
2b:b-dglc-HEX-1:5
3s:n-acetyl
LIN
1:1o(6+1)2d
2:2d(2+1)3n",G09776OJ,"Gal:1,Glc:1,GlcNAc:1"
G07982RO,GlcNAc(b1-4)GlcNAc,"RES
1b:x-dglc-HEX-1:5
2s:n-acetyl
3b:b-dglc-HEX-1:5
4s:n-acetyl
LIN
1:1d(2+1)2n
2:1o(4+1)3d
3:3d(2+1)4n",G07982RO,"Glc:2,GlcNAc:2"
G19529BG,GlcNAc(b1-6)Gal(b1-4)Glc,"RES
1b:x-dglc-HEX-1:5
2b:b-dgal-HEX-1:5
3b:b-dglc-HEX-1:5
4s:n-acetyl
LIN
1:1o(4+1)2d
2:2o(6+1)3d
3:3d(2+1)4n",G19529BG,"Gal:1,Glc:2,GlcNAc:1"
G63059VZ,GlcNAc(b1-2)Man(a1-3)[GlcNAc(b1-2)Man(a1-6)]Man,"RES
1b:x-dman-HEX-1:5
2b:a-dman-HEX-1:5
3b:b-dglc-HEX-1:5
4s:n-acetyl
5b:a-dman-HEX-1:5
6b:b-dglc-HEX-1:5
7s:n-acetyl
LIN
1:1o(3+1)2d
2:2o(2+1)3d
3:3d(2+1)4n
4:1o(6+1)5d
5:5o(2+1)6d
6:6d(2+1)7n",G63059VZ,"Glc:2,GlcNAc:2,Man:3"
G65507FU,Man(a1-6)[Man(a1-3)]Man(a1-6)[Man(a1-2)Man(a1-3)]Man,"RES
1b:x-dman-HEX-1:5
2b:a-dman-HEX-1:5
3b:a-dman-HEX-1:5
4b:a-dman-HEX-1:5
5b:a-dman-HEX-1:5
6b:a-dman-HEX-1:5
LIN
1:1o(3+1)2d
2:2o(2+1)3d
3:1o(6+1)4d
4:4o(3+1)5d
5:4o(6+1)6d",G65507FU,Man:6
G39211DH,Fuc(a1-2)Gal(b1-3)[Fuc(a1-4)]GlcNAc,"RES
1b:x-dglc-HEX-1:5
2s:n-acetyl
3b:b-dgal-HEX-1:5
4b:a-lgal-HEX-1:5|6:d
5b:a-lgal-HEX-1:5|6:d
LIN
1:1d(2+1)2n
2:1o(3+1)3d
3:3o(2+1)4d
4:1o(4+1)5d",G39211DH,"Fuc:2,Gal:1,Glc:1,GlcNAc:1"
G44609GT,Glc(a1-2)Fruf,"RES
1b:x-dara-HEX-2:5|2:keto
2b:a-dglc-HEX-1:5
LIN
1:1o(2+1)2d",G44609GT,Glc:1
G53582JE,Gal(b1-4)GlcNAc(b1-2)Man(a1-3)[GlcNAc(b1-2)Man(a1-6)]Man(b1-4)GlcNAc(b1-4)[Fuc(a1-6)]GlcNAc,"RES
1b:x-dglc-HEX-1:5
2s:n-acetyl
3b:b-dglc-HEX-1:5
4s:n-acetyl
5b:b-dman-HEX-1:5
6b:a-dman-HEX-1:5
7b:b-dglc-HEX-1:5
8s:n-acetyl
9b:b-dgal-HEX-1:5
10b:a-dman-HEX-1:5
11b:b-dglc-HEX-1:5
12s:n-acetyl
13b:a-lgal-HEX-1:5|6:d
LIN
1:1d(2+1)2n
2:1o(4+1)3d
3:3d(2+1)4n
4:3o(4+1)5d
5:5o(3+1)6d
6:6o(2+1)7d
7:7d(2+1)8n
8:7o(4+1)9d
9:5o(6+1)10d
10:10o(2+1)11d
11:11d(2+1)12n
12:1o(6+1)13d",G53582JE,"Fuc:1,Gal:1,Glc:4,GlcNAc:4,Man:3"
G44541JO,Gal(b1-4)[Fuc(a1-3)]GlcNAc(b1-2)Man(a1-3)[GlcNAc(b1-2)Man(a1-6)]Man(b1-4)GlcNAc(b1-4)[Fuc(a1-6)]GlcNAc,"RES
1b:x-dglc-HEX-1:5
2s:n-acetyl
3b:b-dglc-HEX-1:5
4s:n-acetyl
5b:b-dman-HEX-1:5
6b:a-dman-HEX-1:5
7b:b-dglc-HEX-1:5
8s:n-acetyl
9b:a-lgal-HEX-1:5|6:d
10b:b-dgal-HEX-1:5
11b:a-dman-HEX-1:5
12b:b-dglc-HEX-1:5
13s:n-acetyl
14b:a-lgal-HEX-1:5|6:d
LIN
1:1d(2+1)2n
2:1o(4+1)3d
3:3d(2+1)4n
4:3o(4+1)5d
5:5o(3+1)6d
6:6o(2+1)7d
7:7d(2+1)8n
8:7o(3+1)9d
9:7o(4+1)10d
10:5o(6+1)11d
11:11o(2+1)12d
12:12d(2+1)13n
13:1o(6+1)14d",G44541JO,"Fuc:2,Gal:1,Glc:4,GlcNAc:4,Man:3"
G42792MV,MurAc,"RES
1b:x-dglc-HEX-1:5
2s:amino
3s:(r)-carboxyethyl
LIN
1:1d(2+1)2n
2:1o(3+1)3n",G42792MV,
G96283OE,Gal(b1-4)GlcNAc(b1-2)Man(a1-3)[Gal(b1-4)GlcNAc(b1-2)Man(a1-6)]Man(b1-4)GlcNAc,"RES
1b:x-dglc-HEX-1:5
2s:n-acetyl
3b:b-dman-HEX-1:5
4b:a-dman-HEX-1:5
5b:b-dglc-HEX-1:5
6s:n-acetyl
7b:b-dgal-HEX-1:5
8b:a-dman-HEX-1:5
9b:b-dglc-HEX-1:5
10s:n-acetyl
11b:b-dgal-HEX-1:5
LIN
1:1d(2+1)2n
2:1o(4+1)3d
3:3o(3+1)4d
4:4o(2+1)5d
5:5d(2+1)6n
6:5o(4+1)7d
7:3o(6+1)8d
8:8o(2+1)9d
9:9d(2+1)10n
10:9o(4+1)11d",G96283OE,"Gal:2,Glc:3,GlcNAc:3,Man:3"
G47023PF,Man(a1-3)Man(b1-4)GlcNAc,"RES
1b:x-dglc-HEX-1:5
2s:n-acetyl
3b:b-dman-HEX-1:5
4b:a-dman-HEX-1:5
LIN
1:1d(2+1)2n
2:1o(4+1)3d
3:3o(3+1)4d",G47023PF,"Glc:1,GlcNAc:1,Man:2"
G45388GV,GalNAc(a1-3)GalNAc,"RES
1b:x-dgal-HEX-1:5
2s:n-acetyl
3b:a-dgal-HEX-1:5
4s:n-acetyl
LIN
1:1d(2+1)2n
2:1o(3+1)3d
3:3d(2+1)4n",G45388GV,"Gal:2,GalNAc:2"
G55958KV,GalNAc(a1-3)[Fuc(a1-2)]Gal,"RES
1b:x-dgal-HEX-1:5
2b:a-lgal-HEX-1:5|6:d
3b:a-dgal-HEX-1:5
4s:n-acetyl
LIN
1:1o(2+1)2d
2:1o(3+1)3d
3:3d(2+1)4n",G55958KV,"Fuc:1,Gal:2,GalNAc:1"
G21066IE,NeuAc(a2-3)Gal(b1-3)GlcNAc(b1-3)Gal(b1-4)Glc,"RES
1b:x-dglc-HEX-1:5
2b:b-dgal-HEX-1:5
3b:b-dglc-HEX-1:5
4s:n-acetyl
5b:b-dgal-HEX-1:5
6b:a-dgro-dgal-NON-2:6|1:a|2:keto|3:d
7s:n-acetyl
LIN
1:1o(4+1)2d
2:2o(3+1)3d
3:3d(2+1)4n
4:3o(3+1)5d
5:5o(3+2)6d
6:6d(5+1)7n",G21066IE,"Gal:2,Glc:2,GlcNAc:1,Neu:1,NeuAc:1"
G72506RN,NeuAc(a2-6)Gal(b1-4)GlcNAc(b1-3)Gal(b1-4)Glc,"RES
1b:x-dglc-HEX-1:5
2b:b-dgal-HEX-1:5
3b:b-dglc-HEX-1:5
4s:n-acetyl
5b:b-dgal-HEX-1:5
6b:a-dgro-dgal-NON-2:6|1:a|2:keto|3:d
7s:n-acetyl
LIN
1:1o(4+1)2d
2:2o(3+1)3d
3:3d(2+1)4n
4:3o(4+1)5d
5:5o(6+2)6d
6:6d(5+1)7n",G72506RN,"Gal:2,Glc:2,GlcNAc:1,Neu:1,NeuAc:1"
G57521AM,Glc(b1-2)Fruf,"RES
1b:x-dara-HEX-2:5|2:keto
2b:b-dglc-HEX-1:5
LIN
1:1o(2+1)2d",G57521AM,Glc:1
G85640IE,Glc(b1-3)Fruf,"RES
1b:x-dara-HEX-2:5|2:keto
2b:b-dglc-HEX-1:5
LIN
1:1o(3+1)2d",G85640IE,Glc:1
G90142YY,GlcNAc(b1-4)GlcNAc(b1-4)GlcNAc(b1-4)GlcNAc(b1-4)GlcNAc,"RES
1b:x-dglc-HEX-1:5
2s:n-acetyl
3b:b-dglc-HEX-1:5
4s:n-acetyl
5b:b-dglc-HEX-1:5
6s:n-acetyl
7b:b-dglc-HEX-1:5
8s:n-acetyl
9b:b-dglc-HEX-1:5
10s:n-acetyl
LIN
1:1d(2+1)2n
2:1o(4+1)3d
3:3d(2+1)4n
4:3o(4+1)5d
5:5d(2+1)6n
6:5o(4+1)7d
7:7d(2+1)8n
8:7o(4+1)9d
9:9d(2+1)10n",G90142YY,"Glc:5,GlcNAc:5"
G72000NJ,Fru,"RES
1b:x-dara-HEX-2:6|2:keto",G72000NJ,
G44345UH,NeuAc(a2-6)Gal,"RES
1b:x-dgal-HEX-1:5
2b:a-dgro-dgal-NON-2:6|1:a|2:keto|3:d
3s:n-acetyl
LIN
1:1o(6+2)2d
2:2d(5+1)3n",G44345UH,"Gal:1,Neu:1,NeuAc:1"
G41366RG,Glc(a1-4)Glc,"RES
1b:x-dglc-HEX-1:5
2b:a-dglc-HEX-1:5
LIN
1:1o(4+1)2d",G41366RG,Glc:2
G97944IJ,Man(a1-4)Man,"RES
1b:x-dman-HEX-1:5
2b:a-dman-HEX-1:5
LIN
1:1o(4+1)2d",G97944IJ,Man:2
G51379UR,Man(a1-6)Man,"RES
1b:x-dman-HEX-1:5
2b:a-dman-HEX-1:5
LIN
1:1o(6+1)2d",G51379UR,Man:2
G06000DZ,Gal(a1-4)Gal(b1-4)Glc,"RES
1b:x-dglc-HEX-1:5
2b:b-dgal-HEX-1:5
3b:a-dgal-HEX-1:5
LIN
1:1o(4+1)2d
2:2o(4+1)3d",G06000DZ,"Gal:2,Glc:1"
G10203DW,NeuAc(a2-3)Gal(b1-4)GlcNAc,"RES
1b:x-dglc-HEX-1:5
2s:n-acetyl
3b:b-dgal-HEX-1:5
4b:a-dgro-dgal-NON-2:6|1:a|2:keto|3:d
5s:n-acetyl
LIN
1:1d(2+1)2n
2:1o(4+1)3d
3:3o(3+2)4d
4:4d(5+1)5n",G10203DW,"Gal:1,Glc:1,GlcNAc:1,Neu:1,NeuAc:1"
G09376MR,NeuAc(a2-6)Gal(b1-4)GlcNAc,"RES
1b:x-dglc-HEX-1:5
2s:n-acetyl
3b:b-dgal-HEX-1:5
4b:a-dgro-dgal-NON-2:6|1:a|2:keto|3:d
5s:n-acetyl
LIN
1:1d(2+1)2n
2:1o(4+1)3d
3:3o(6+2)4d
4:4d(5+1)5n",G09376MR,"Gal:1,Glc:1,GlcNAc:1,Neu:1,NeuAc:1"
G79475GW,NeuAc(a2-3)Gal(b1-3)[NeuAc(a2-6)]GlcNAc,"RES
1b:x-dglc-HEX-1:5
2s:n-acetyl
3b:b-dgal-HEX-1:5
4b:a-dgro-dgal-NON-2:6|1:a|2:keto|3:d
5s:n-acetyl
6b:a-dgro-dgal-NON-2:6|1:a|2:keto|3:d
7s:n-acetyl
LIN
1:1d(2+1)2n
2:1o(3+1)3d
3:3o(3+2)4d
4:4d(5+1)5n
5:1o(6+2)6d
6:6d(5+1)7n",G79475GW,"Gal:1,Glc:1,GlcNAc:1,Neu:2,NeuAc:2"
G20671VB,Man(a1-6)[Man(a1-3)]Man(a1-6)Man,"RES
1b:x-dman-HEX-1:5
2b:a-dman-HEX-1:5
3b:a-dman-HEX-1:5
4b:a-dman-HEX-1:5
LIN
1:1o(6+1)2d
2:2o(3+1)3d
3:2o(6+1)4d",G20671VB,Man:4
G83916HL,Gal(b1-4)[Fuc(a1-3)]GlcNAc(b1-3)Gal(b1-4)Glc,"RES
1b:x-dglc-HEX-1:5
2b:b-dgal-HEX-1:5
3b:b-dglc-HEX-1:5
4s:n-acetyl
5b:a-lgal-HEX-1:5|6:d
6b:b-dgal-HEX-1:5
LIN
1:1o(4+1)2d
2:2o(3+1)3d
3:3d(2+1)4n
4:3o(3+1)5d
5:3o(4+1)6d",G83916HL,"Fuc:1,Gal:2,Glc:2,GlcNAc:1"
G09165XB,Gal(a1-6)Glc,"RES
1b:x-dglc-HEX-1:5
2b:a-dgal-HEX-1:5
LIN
1:1o(6+1)2d",G09165XB,"Gal:1,Glc:1"
G87315SO,GalNAc(b1-3)Gal,"RES
1b:x-dgal-HEX-1:5
2b:b-dgal-HEX-1:5
3s:n-acetyl
LIN
1:1o(3+1)2d
2:2d(2+1)3n",G87315SO,"Gal:2,GalNAc:1"
G39064VB,Fuc(a1-2)Gal(b1-4)GlcNAc,"RES
1b:x-dglc-HEX-1:5
2s:n-acetyl
3b:b-dgal-HEX-1:5
4b:a-lgal-HEX-1:5|6:d
LIN
1:1d(2+1)2n
2:1o(4+1)3d
3:3o(2+1)4d",G39064VB,"Fuc:1,Gal:1,Glc:1,GlcNAc:1"
G27798EJ,Gal(a1-3)Gal(b1-4)GlcNAc,"RES
1b:x-dglc-HEX-1:5
2s:n-acetyl
3b:b-dgal-HEX-1:5
4b:a-dgal-HEX-1:5
LIN
1:1d(2+1)2n
2:1o(4+1)3d
3:3o(3+1)4d",G27798EJ,"Gal:2,Glc:1,GlcNAc:1"
G90377OF,GalNAc(a1-3)[Fuc(a1-2)]Gal(b1-4)Glc,"RES
1b:x-dglc-HEX-1:5
2b:b-dgal-HEX-1:5
3b:a-lgal-HEX-1:5|6:d
4b:a-dgal-HEX-1:5
5s:n-acetyl
LIN
1:1o(4+1)2d
2:2o(2+1)3d
3:2o(3+1)4d
4:4d(2+1)5n",G90377OF,"Fuc:1,Gal:2,GalNAc:1,Glc:1"
G04616ST,Gal(b1-3)GlcNAc,"RES
1b:x-dglc-HEX-1:5
2s:n-acetyl
3b:b-dgal-HEX-1:5
LIN
1:1d(2+1)2n
2:1o(3+1)3d",G04616ST,"Gal:1,Glc:1,GlcNAc:1"
G77824XV,NeuAc(a2-3)Gal,"RES
1b:x-dgal-HEX-1:5
2b:a-dgro-dgal-NON-2:6|1:a|2:keto|3:d
3s:n-acetyl
LIN
1:1o(3+2)2d
2:2d(5+1)3n",G77824XV,"Gal:1,Neu:1,NeuAc:1"
G12045LV,Gal(b1-4)GlcNAc(b1-3)Gal(b1-4)[Fuc(a1-3)]Glc,"RES
1b:x-dglc-HEX-1:5
2b:a-lgal-HEX-1:5|6:d
3b:b-dgal-HEX-1:5
4b:b-dglc-HEX-1:5
5s:n-acetyl
6b:b-dgal-HEX-1:5
LIN
1:1o(3+1)2d
2:1o(4+1)3d
3:3o(3+1)4d
4:4d(2+1)5n
5:4o(4+1)6d",G12045LV,"Fuc:1,Gal:2,Glc:2,GlcNAc:1"
G00047MO,Gal(b1-3)[Fuc(a1-4)]GlcNAc,"RES
1b:x-dglc-HEX-1:5
2s:n-acetyl
3b:b-dgal-HEX-1:5
4b:a-lgal-HEX-1:5|6:d
LIN
1:1d(2+1)2n
2:1o(3+1)3d
3:1o(4+1)4d",G00047MO,"Fuc:1,Gal:1,Glc:1,GlcNAc:1"
G81928IQ,NeuAc(a2-8)NeuAc(a2-3)Gal(b1-4)Glc,"RES
1b:x-dglc-HEX-1:5
2b:b-dgal-HEX-1:5
3b:a-dgro-dgal-NON-2:6|1:a|2:keto|3:d
4s:n-acetyl
5b:a-dgro-dgal-NON-2:6|1:a|2:keto|3:d
6s:n-acetyl
LIN
1:1o(4+1)2d
2:2o(3+2)3d
3:3d(5+1)4n
4:3o(8+2)5d
5:5d(5+1)6n",G81928IQ,"Gal:1,Glc:1,Neu:2,NeuAc:2"
G20624LQ,Man(a1-3)[Man(a1-6)]Man(b1-4)GlcNAc(b1-4)GlcNAc,"RES
1b:x-dglc-HEX-1:5
2s:n-acetyl
3b:b-dglc-HEX-1:5
4s:n-acetyl
5b:b-dman-HEX-1:5
6b:a-dman-HEX-1:5
7b:a-dman-HEX-1:5
LIN
1:1d(2+1)2n
2:1o(4+1)3d
3:3d(2+1)4n
4:3o(4+1)5d
5:5o(3+1)6d
6:5o(6+1)7d",G20624LQ,"Glc:2,GlcNAc:2,Man:3"
G65609XC,GlcNAc(b1-2)Man,"RES
1b:x-dman-HEX-1:5
2b:b-dglc-HEX-1:5
3s:n-acetyl
LIN
1:1o(2+1)2d
2:2d(2+1)3n",G65609XC,"Glc:1,GlcNAc:1,Man:1"
G18980FQ,GlcNAc(b1-2)Man(a1-3)[GlcNAc(b1-2)Man(a1-6)]Man(b1-4)GlcNAc,"RES
1b:x-dglc-HEX-1:5
2s:n-acetyl
3b:b-dman-HEX-1:5
4b:a-dman-HEX-1:5
5b:b-dglc-HEX-1:5
6s:n-acetyl
7b:a-dman-HEX-1:5
8b:b-dglc-HEX-1:5
9s:n-acetyl
LIN
1:1d(2+1)2n
2:1o(4+1)3d
3:3o(3+1)4d
4:4o(2+1)5d
5:5d(2+1)6n
6:3o(6+1)7d
7:7o(2+1)8d
8:8d(2+1)9n",G18980FQ,"Glc:3,GlcNAc:3,Man:3"
G82739ZR,GlcNAc(b1-2)Man(a1-3)Man,"RES
1b:x-dman-HEX-1:5
2b:a-dman-HEX-1:5
3b:b-dglc-HEX-1:5
4s:n-acetyl
LIN
1:1o(3+1)2d
2:2o(2+1)3d
3:3d(2+1)4n",G82739ZR,"Glc:1,GlcNAc:1,Man:2"
G52148JS,Glc(b1-3)Glc,"RES
1b:x-dglc-HEX-1:5
2b:b-dglc-HEX-1:5
LIN
1:1o(3+1)2d",G52148JS,Glc:2
G91625IP,Ara,"RES
1b:x-dara-PEN-1:5",G91625IP,Ara:1
G48740SL,Gal(a1-3)Gal(b1-4)Glc,"RES
1b:x-dglc-HEX-1:5
2b:b-dgal-HEX-1:5
3b:a-dgal-HEX-1:5
LIN
1:1o(4+1)2d
2:2o(3+1)3d",G48740SL,"Gal:2,Glc:1"
G75623HL,LGal,"RES
1b:x-lgal-HEX-1:5",G75623HL,Gal:1
G05049AS,Fuc(a1-2)Gal(b1-2)Xyl,"RES
1b:x-dxyl-PEN-1:5
2b:b-dgal-HEX-1:5
3b:a-lgal-HEX-1:5|6:d
LIN
1:1o(2+1)2d
2:2o(2+1)3d",G05049AS,"Fuc:1,Gal:1,Xyl:1"
G44414OJ,Glc(b1-3)Glc(b1-3)Glc,"RES
1b:x-dglc-HEX-1:5
2b:b-dglc-HEX-1:5
3b:b-dglc-HEX-1:5
LIN
1:1o(3+1)2d
2:2o(3+1)3d",G44414OJ,Glc:3
G65191ST,NeuAc(a2-3)Gal(b1-3)[NeuAc(a2-6)]GalNAc,"RES
1b:x-dgal-HEX-1:5
2s:n-acetyl
3b:b-dgal-HEX-1:5
4b:a-dgro-dgal-NON-2:6|1:a|2:keto|3:d
5s:n-acetyl
6b:a-dgro-dgal-NON-2:6|1:a|2:keto|3:d
7s:n-acetyl
LIN
1:1d(2+1)2n
2:1o(3+1)3d
3:3o(3+2)4d
4:4d(5+1)5n
5:1o(6+2)6d
6:6d(5+1)7n",G65191ST,"Gal:2,GalNAc:1,Neu:2,NeuAc:2"
G10543DQ,Glc(a1-1)Glc,"RES
1b:x-dglc-HEX-1:5
2b:a-dglc-HEX-1:5
LIN
1:1o(1+1)2d",G10543DQ,Glc:2
G45207BM,Gal(b1-4)GlcNAc(b1-3)Gal(b1-4)GlcNAc,"RES
1b:x-dglc-HEX-1:5
2s:n-acetyl
3b:b-dgal-HEX-1:5
4b:b-dglc-HEX-1:5
5s:n-acetyl
6b:b-dgal-HEX-1:5
LIN
1:1d(2+1)2n
2:1o(4+1)3d
3:3o(3+1)4d
4:4d(2+1)5n
5:4o(4+1)6d",G45207BM,"Gal:2,Glc:2,GlcNAc:2"
G69893KP,NeuAc(a2-6)Gal(b1-4)Glc,"RES
1b:x-dglc-HEX-1:5
2b:b-dgal-HEX-1:5
3b:a-dgro-dgal-NON-2:6|1:a|2:keto|3:d
4s:n-acetyl
LIN
1:1o(4+1)2d
2:2o(6+2)3d
3:3d(5+1)4n",G69893KP,"Gal:1,Glc:1,Neu:1,NeuAc:1"
G02753DE,Gal(b1-3)Gal,"RES
1b:x-dgal-HEX-1:5
2b:b-dgal-HEX-1:5
LIN
1:1o(3+1)2d",G02753DE,Gal:2
G27589TC,Gal(b1-6)GalNAc,"RES
1b:x-dgal-HEX-1:5
2s:n-acetyl
3b:b-dgal-HEX-1:5
LIN
1:1d(2+1)2n
2:1o(6+1)3d",G27589TC,"Gal:2,GalNAc:1"
G44856HU,Gal(b1-6)Glc,"RES
1b:x-dglc-HEX-1:5
2b:b-dgal-HEX-1:5
LIN
1:1o(6+1)2d",G44856HU,"Gal:1,Glc:1"
G33395TI,GalNAc(a1-3)Gal,"RES
1b:x-dgal-HEX-1:5
2b:a-dgal-HEX-1:5
3s:n-acetyl
LIN
1:1o(3+1)2d
2:2d(2+1)3n",G33395TI,"Gal:2,GalNAc:1"
G47764XB,Man(a1-2)Man(a1-3)Man,"RES
1b:x-dman-HEX-1:5
2b:a-dman-HEX-1:5
3b:a-dman-HEX-1:5
LIN
1:1o(3+1)2d
2:2o(2+1)3d",G47764XB,Man:3
G95341UA,GalNAc(a1-3)Gal(b1-4)Glc,"RES
1b:x-dglc-HEX-1:5
2b:b-dgal-HEX-1:5
3b:a-dgal-HEX-1:5
4s:n-acetyl
LIN
1:1o(4+1)2d
2:2o(3+1)3d
3:3d(2+1)4n",G95341UA,"Gal:2,GalNAc:1,Glc:1"
G68607SL,GalNAc(a1-3)GalNAc(b1-3)Gal,"RES
1b:x-dgal-HEX-1:5
2b:b-dgal-HEX-1:5
3s:n-acetyl
4b:a-dgal-HEX-1:5
5s:n-acetyl
LIN
1:1o(3+1)2d
2:2d(2+1)3n
3:2o(3+1)4d
4:4d(2+1)5n",G68607SL,"Gal:3,GalNAc:2"
G33575EC,Glc(a1-4)Glc(a1-4)Glc,"RES
1b:x-dglc-HEX-1:5
2b:a-dglc-HEX-1:5
3b:a-dglc-HEX-1:5
LIN
1:1o(4+1)2d
2:2o(4+1)3d",G33575EC,Glc:3
G41759HA,GalNAc(b1-4)[NeuAc(a2-8)NeuAc(a2-3)]Gal(b1-4)Glc,"RES
1b:x-dglc-HEX-1:5
2b:b-dgal-HEX-1:5
3b:a-dgro-dgal-NON-2:6|1:a|2:keto|3:d
4s:n-acetyl
5b:a-dgro-dgal-NON-2:6|1:a|2:keto|3:d
6s:n-acetyl
7b:b-dgal-HEX-1:5
8s:n-acetyl
LIN
1:1o(4+1)2d
2:2o(3+2)3d
3:3d(5+1)4n
4:3o(8+2)5d
5:5d(5+1)6n
6:2o(4+1)7d
7:7d(2+1)8n",G41759HA,"Gal:2,GalNAc:1,Glc:1,Neu:2,NeuAc:2"
G29494LA,ManNAc,"RES
1b:x-dman-HEX-1:5
2s:n-acetyl
LIN
1:1d(2+1)2n",G29494LA,Man:1
G45140IE,Glc(b1-3)Glc(b1-3)Glc(b1-3)Glc,"RES
1b:x-dglc-HEX-1:5
2b:b-dglc-HEX-1:5
3b:b-dglc-HEX-1:5
4b:b-dglc-HEX-1:5
LIN
1:1o(3+1)2d
2:2o(3+1)3d
3:3o(3+1)4d",G45140IE,Glc:4
G25787TL,Dfuc,"RES
1b:x-dgal-HEX-1:5|6:d",G25787TL,
G47366RU,Fuc(a1-4)GlcNAc,"RES
1b:x-dglc-HEX-1:5
2s:n-acetyl
3b:a-lgal-HEX-1:5|6:d
LIN
1:1d(2+1)2n
2:1o(4+1)3d",G47366RU,"Fuc:1,Glc:1,GlcNAc:1"
G56660NC,Glc(a1-3)Glc,"RES
1b:x-dglc-HEX-1:5
2b:a-dglc-HEX-1:5
LIN
1:1o(3+1)2d",G56660NC,Glc:2
G62300KZ,GlcNAc(b1-4)[Fuc(a1-3)]GlcNAc,"RES
1b:x-dglc-HEX-1:5
2s:n-acetyl
3b:a-lgal-HEX-1:5|6:d
4b:b-dglc-HEX-1:5
5s:n-acetyl
LIN
1:1d(2+1)2n
2:1o(3+1)3d
3:1o(4+1)4d
4:4d(2+1)5n",G62300KZ,"Fuc:1,Glc:2,GlcNAc:2"
G30704AF,Man(a1-2)Man(a1-3)[Man(a1-3)Man(a1-6)]Man,"RES
1b:x-dman-HEX-1:5
2b:a-dman-HEX-1:5
3b:a-dman-HEX-1:5
4b:a-dman-HEX-1:5
5b:a-dman-HEX-1:5
LIN
1:1o(3+1)2d
2:2o(2+1)3d
3:1o(6+1)4d
4:4o(3+1)5d",G30704AF,Man:5
G13910LY,GalNAc(a1-3)[Fuc(a1-2)]Gal(b1-4)[Fuc(a1-3)]Glc,"RES
1b:x-dglc-HEX-1:5
2b:a-lgal-HEX-1:5|6:d
3b:b-dgal-HEX-1:5
4b:a-lgal-HEX-1:5|6:d
5b:a-dgal-HEX-1:5
6s:n-acetyl
LIN
1:1o(3+1)2d
2:1o(4+1)3d
3:3o(2+1)4d
4:3o(3+1)5d
5:5d(2+1)6n",G13910LY,"Fuc:2,Gal:2,GalNAc:1,Glc:1"
G58612ZQ,Gal(a1-3)[Fuc(a1-2)]Gal,"RES
1b:x-dgal-HEX-1:5
2b:a-lgal-HEX-1:5|6:d
3b:a-dgal-HEX-1:5
LIN
1:1o(2+1)2d
2:1o(3+1)3d",G58612ZQ,"Fuc:1,Gal:2"
G28528AG,Man(a1-2)Man(a1-6)[Man(a1-3)]Man(a1-6)Man,"RES
1b:x-dman-HEX-1:5
2b:a-dman-HEX-1:5
3b:a-dman-HEX-1:5
4b:a-dman-HEX-1:5
5b:a-dman-HEX-1:5
LIN
1:1o(6+1)2d
2:2o(3+1)3d
3:2o(6+1)4d
4:4o(2+1)5d",G28528AG,Man:5
G99199AD,DDmanHep,"RES
1b:x-dgro-dman-HEP-1:5",G99199AD,
G79085KK,LDmanHep,"RES
1b:x-lgro-dman-HEP-1:5",G79085KK,
G64541AU,LDmanHep(a1-3)LDmanHep,"RES
1b:x-lgro-dman-HEP-1:5
2b:a-lgro-dman-HEP-1:5
LIN
1:1o(3+1)2d",G64541AU,
G09342SH,Man(a1-2)Man(a1-2)Man,"RES
1b:x-dman-HEX-1:5
2b:a-dman-HEX-1:5
3b:a-dman-HEX-1:5
LIN
1:1o(2+1)2d
2:2o(2+1)3d",G09342SH,Man:3
G35587SF,Rha(a1-6)Glc(a1-4)[GlcNAc(b1-3)]Gal(a1-3)[Glc(a1-6)]GlcNAc,"RES
1b:x-dglc-HEX-1:5
2s:n-acetyl
3b:a-dgal-HEX-1:5
4b:b-dglc-HEX-1:5
5s:n-acetyl
6b:a-dglc-HEX-1:5
7b:a-lman-HEX-1:5|6:d
8b:a-dglc-HEX-1:5
LIN
1:1d(2+1)2n
2:1o(3+1)3d
3:3o(3+1)4d
4:4d(2+1)5n
5:3o(4+1)6d
6:6o(6+1)7d
7:1o(6+1)8d",G35587SF,"Gal:1,Glc:4,GlcNAc:2,Rha:1"
G88876JQ,GlcNAc(b1-2)Man(a1-3)[GlcNAc(b1-2)Man(a1-6)]Man(b1-4)GlcNAc(b1-4)GlcNAc,"RES
1b:x-dglc-HEX-1:5
2s:n-acetyl
3b:b-dglc-HEX-1:5
4s:n-acetyl
5b:b-dman-HEX-1:5
6b:a-dman-HEX-1:5
7b:b-dglc-HEX-1:5
8s:n-acetyl
9b:a-dman-HEX-1:5
10b:b-dglc-HEX-1:5
11s:n-acetyl
LIN
1:1d(2+1)2n
2:1o(4+1)3d
3:3d(2+1)4n
4:3o(4+1)5d
5:5o(3+1)6d
6:6o(2+1)7d
7:7d(2+1)8n
8:5o(6+1)9d
9:9o(2+1)10d
10:10d(2+1)11n",G88876JQ,"Glc:4,GlcNAc:4,Man:3"
G60087WL,Gal(b1-4)Fuc(a1-6)GlcNAc,"RES
1b:x-dglc-HEX-1:5
2s:n-acetyl
3b:a-lgal-HEX-1:5|6:d
4b:b-dgal-HEX-1:5
LIN
1:1d(2+1)2n
2:1o(6+1)3d
3:3o(4+1)4d",G60087WL,"Fuc:1,Gal:1,Glc:1,GlcNAc:1"
G26929DQ,Gal(b1-4)GlcNAc(b1-3)Gal(b1-4)GlcNAc(b1-3)Gal(b1-4)GlcNAc,"RES
1b:x-dglc-HEX-1:5
2s:n-acetyl
3b:b-dgal-HEX-1:5
4b:b-dglc-HEX-1:5
5s:n-acetyl
6b:b-dgal-HEX-1:5
7b:b-dglc-HEX-1:5
8s:n-acetyl
9b:b-dgal-HEX-1:5
LIN
1:1d(2+1)2n
2:1o(4+1)3d
3:3o(3+1)4d
4:4d(2+1)5n
5:4o(4+1)6d
6:6o(3+1)7d
7:7d(2+1)8n
8:7o(4+1)9d",G26929DQ,"Gal:3,Glc:3,GlcNAc:3"
G35178XK,Gal(a1-2)Gal,"RES
1b:x-dgal-HEX-1:5
2b:a-dgal-HEX-1:5
LIN
1:1o(2+1)2d",G35178XK,Gal:2
G84430BE,Man(a1-2)Man(a1-3)[Man(a1-6)]Man,"RES
1b:x-dman-HEX-1:5
2b:a-dman-HEX-1:5
3b:a-dman-HEX-1:5
4b:a-dman-HEX-1:5
LIN
1:1o(3+1)2d
2:2o(2+1)3d
3:1o(6+1)4d",G84430BE,Man:4
G48059CD,Gal(b1-4)GlcNAc(b1-3)Gal(b1-4)Glc,"RES
1b:x-dglc-HEX-1:5
2b:b-dgal-HEX-1:5
3b:b-dglc-HEX-1:5
4s:n-acetyl
5b:b-dgal-HEX-1:5
LIN
1:1o(4+1)2d
2:2o(3+1)3d
3:3d(2+1)4n
4:3o(4+1)5d",G48059CD,"Gal:2,Glc:2,GlcNAc:1"
G01650PH,Fuc(a1-2)Gal(b1-3)GlcNAc(b1-3)Gal(b1-4)Glc,"RES
1b:x-dglc-HEX-1:5
2b:b-dgal-HEX-1:5
3b:b-dglc-HEX-1:5
4s:n-acetyl
5b:b-dgal-HEX-1:5
6b:a-lgal-HEX-1:5|6:d
LIN
1:1o(4+1)2d
2:2o(3+1)3d
3:3d(2+1)4n
4:3o(3+1)5d
5:5o(2+1)6d",G01650PH,"Fuc:1,Gal:2,Glc:2,GlcNAc:1"
G62763GO,Gal(a1-4)Gal,"RES
1b:x-dgal-HEX-1:5
2b:a-dgal-HEX-1:5
LIN
1:1o(4+1)2d",G62763GO,Gal:2
G07006BT,Rha,"RES
1b:x-lman-HEX-1:5|6:d",G07006BT,Rha:1
G97536OM,Man(a1-6)Man(a1-6)Man,"RES
1b:x-dman-HEX-1:5
2b:a-dman-HEX-1:5
3b:a-dman-HEX-1:5
LIN
1:1o(6+1)2d
2:2o(6+1)3d",G97536OM,Man:3
G58507AZ,GalNAc(a1-3)[Fuc(a1-2)]Gal(b1-3)GlcNAc,"RES
1b:x-dglc-HEX-1:5
2s:n-acetyl
3b:b-dgal-HEX-1:5
4b:a-lgal-HEX-1:5|6:d
5b:a-dgal-HEX-1:5
6s:n-acetyl
LIN
1:1d(2+1)2n
2:1o(3+1)3d
3:3o(2+1)4d
4:3o(3+1)5d
5:5d(2+1)6n",G58507AZ,"Fuc:1,Gal:2,GalNAc:1,Glc:1,GlcNAc:1"
G88393MK,Fuc(a1-2)Gal(b1-3)GlcNAc,"RES
1b:x-dglc-HEX-1:5
2s:n-acetyl
3b:b-dgal-HEX-1:5
4b:a-lgal-HEX-1:5|6:d
LIN
1:1d(2+1)2n
2:1o(3+1)3d
3:3o(2+1)4d",G88393MK,"Fuc:1,Gal:1,Glc:1,GlcNAc:1"
G43724HA,NeuGc,"RES
1b:x-dgro-dgal-NON-2:6|1:a|2:keto|3:d
2s:n-glycolyl
LIN
1:1d(5+1)2n",G43724HA,Neu:1
G91484JV,NeuGc(a2-3)Gal(b1-3)GalNAc,"RES
1b:x-dgal-HEX-1:5
2s:n-acetyl
3b:b-dgal-HEX-1:5
4b:a-dgro-dgal-NON-2:6|1:a|2:keto|3:d
5s:n-glycolyl
LIN
1:1d(2+1)2n
2:1o(3+1)3d
3:3o(3+2)4d
4:4d(5+1)5n",G91484JV,"Gal:2,GalNAc:1,Neu:1"
G59168YE,NeuAc(a2-3)Gal(b1-3)GlcNAc,"RES
1b:x-dglc-HEX-1:5
2s:n-acetyl
3b:b-dgal-HEX-1:5
4b:a-dgro-dgal-NON-2:6|1:a|2:keto|3:d
5s:n-acetyl
LIN
1:1d(2+1)2n
2:1o(3+1)3d
3:3o(3+2)4d
4:4d(5+1)5n",G59168YE,"Gal:1,Glc:1,GlcNAc:1,Neu:1,NeuAc:1"
G02880JU,GlcNAc(b1-3)Gal,"RES
1b:x-dgal-HEX-1:5
2b:b-dglc-HEX-1:5
3s:n-acetyl
LIN
1:1o(3+1)2d
2:2d(2+1)3n",G02880JU,"Gal:1,Glc:1,GlcNAc:1"
G16633GB,GalN,"RES
1b:x-dgal-HEX-1:5
2s:amino
LIN
1:1d(2+1)2n",G16633GB,Gal:1
G25213CC,NeuAc(a2-8)NeuAc(a2-8)NeuAc,"RES
1b:x-dgro-dgal-NON-2:6|1:a|2:keto|3:d
2s:n-acetyl
3b:a-dgro-dgal-NON-2:6|1:a|2:keto|3:d
4s:n-acetyl
5b:a-dgro-dgal-NON-2:6|1:a|2:keto|3:d
6s:n-acetyl
LIN
1:1d(5+1)2n
2:1o(8+2)3d
3:3d(5+1)4n
4:3o(8+2)5d
5:5d(5+1)6n",G25213CC,"Neu:3,NeuAc:3"
G97569KL,Neu5Ac(a2-8)Neu5Ac,"RES
1b:x-dgro-dgal-NON-2:6|1:a|2:keto|3:d
2s:n-acetyl
3b:a-dgro-dgal-NON-2:6|1:a|2:keto|3:d
4s:n-acetyl
LIN
1:1d(5+1)2n
2:1o(8+2)3d
3:3d(5+1)4n",G97569KL,"Neu:2,Neu5Ac:2"
G04869AE,Man(a1-2)Man(a1-3)[Man(a1-6)]Man(a1-6)[Man(a1-2)Man(a1-2)Man(a1-3)]Man,"RES
1b:x-dman-HEX-1:5
2b:a-dman-HEX-1:5
3b:a-dman-HEX-1:5
4b:a-dman-HEX-1:5
5b:a-dman-HEX-1:5
6b:a-dman-HEX-1:5
7b:a-dman-HEX-1:5
8b:a-dman-HEX-1:5
LIN
1:1o(3+1)2d
2:2o(2+1)3d
3:3o(2+1)4d
4:1o(6+1)5d
5:5o(3+1)6d
6:6o(2+1)7d
7:5o(6+1)8d",G04869AE,Man:8
G91415NU,Gal(b1-3)[NeuAc(a2-6)]GlcNAc(b1-3)Gal,"RES
1b:x-dgal-HEX-1:5
2b:b-dglc-HEX-1:5
3s:n-acetyl
4b:b-dgal-HEX-1:5
5b:a-dgro-dgal-NON-2:6|1:a|2:keto|3:d
6s:n-acetyl
LIN
1:1o(3+1)2d
2:2d(2+1)3n
3:2o(3+1)4d
4:2o(6+2)5d
5:5d(5+1)6n",G91415NU,"Gal:2,Glc:1,GlcNAc:1,Neu:1,NeuAc:1"
G69277LC,NeuAc(a2-3)Gal(b1-3)GalNAc(b1-4)[NeuAc(a2-3)]Gal(b1-4)Glc,"RES
1b:x-dglc-HEX-1:5
2b:b-dgal-HEX-1:5
3b:a-dgro-dgal-NON-2:6|1:a|2:keto|3:d
4s:n-acetyl
5b:b-dgal-HEX-1:5
6s:n-acetyl
7b:b-dgal-HEX-1:5
8b:a-dgro-dgal-NON-2:6|1:a|2:keto|3:d
9s:n-acetyl
LIN
1:1o(4+1)2d
2:2o(3+2)3d
3:3d(5+1)4n
4:2o(4+1)5d
5:5d(2+1)6n
6:5o(3+1)7d
7:7o(3+2)8d
8:8d(5+1)9n",G69277LC,"Gal:3,GalNAc:1,Glc:1,Neu:2,NeuAc:2"
G31736BK,GalNAc(b1-4)GlcNAc,"RES
1b:x-dglc-HEX-1:5
2s:n-acetyl
3b:b-dgal-HEX-1:5
4s:n-acetyl
LIN
1:1d(2+1)2n
2:1o(4+1)3d
3:3d(2+1)4n",G31736BK,"Gal:1,GalNAc:1,Glc:1,GlcNAc:1"
G87860OU,Gal(b1-4)GlcNAc(b1-2)Man,"RES
1b:x-dman-HEX-1:5
2b:b-dglc-HEX-1:5
3s:n-acetyl
4b:b-dgal-HEX-1:5
LIN
1:1o(2+1)2d
2:2d(2+1)3n
3:2o(4+1)4d",G87860OU,"Gal:1,Glc:1,GlcNAc:1,Man:1"
G98920NA,Glc(a1-3)Man(a1-2)Man(a1-2)Mana,"RES
1b:x-dman-HEX-1:5|6:a
2b:a-dman-HEX-1:5
3b:a-dman-HEX-1:5
4b:a-dglc-HEX-1:5
LIN
1:1o(2+1)2d
2:2o(2+1)3d
3:3o(3+1)4d",G98920NA,"Glc:1,Man:3"
G66086EX,Fuc(a1-2)Gal,"RES
1b:x-dgal-HEX-1:5
2b:a-lgal-HEX-1:5|6:d
LIN
1:1o(2+1)2d",G66086EX,"Fuc:1,Gal:1"
G50540JU,Fuc(a1-2)Gal(b1-3)[Fuc(a1-4)]GlcNAc(b1-3)Gal(b1-4)Glc,"RES
1b:x-dglc-HEX-1:5
2b:b-dgal-HEX-1:5
3b:b-dglc-HEX-1:5
4s:n-acetyl
5b:b-dgal-HEX-1:5
6b:a-lgal-HEX-1:5|6:d
7b:a-lgal-HEX-1:5|6:d
LIN
1:1o(4+1)2d
2:2o(3+1)3d
3:3d(2+1)4n
4:3o(3+1)5d
5:5o(2+1)6d
6:3o(4+1)7d",G50540JU,"Fuc:2,Gal:2,Glc:2,GlcNAc:1"
G32969VW,NeuGc(a2-3)Gal(b1-4)Glc,"RES
1b:x-dglc-HEX-1:5
2b:b-dgal-HEX-1:5
3b:a-dgro-dgal-NON-2:6|1:a|2:keto|3:d
4s:n-glycolyl
LIN
1:1o(4+1)2d
2:2o(3+2)3d
3:3d(5+1)4n",G32969VW,"Gal:1,Glc:1,Neu:1"
G05946XD,Tal,"RES
1b:x-dtal-HEX-1:5",G05946XD,
G59001FP,NeuAc(a2-6)Gal(b1-4)GlcNAc(b1-3)Gal,"RES
1b:x-dgal-HEX-1:5
2b:b-dglc-HEX-1:5
3s:n-acetyl
4b:b-dgal-HEX-1:5
5b:a-dgro-dgal-NON-2:6|1:a|2:keto|3:d
6s:n-acetyl
LIN
1:1o(3+1)2d
2:2d(2+1)3n
3:2o(4+1)4d
4:4o(6+2)5d
5:5d(5+1)6n",G59001FP,"Gal:2,Glc:1,GlcNAc:1,Neu:1,NeuAc:1"
G50899UD,Fuc(a1-2)Gal(b1-3)GlcNAc(b1-3)Gal,"RES
1b:x-dgal-HEX-1:5
2b:b-dglc-HEX-1:5
3s:n-acetyl
4b:b-dgal-HEX-1:5
5b:a-lgal-HEX-1:5|6:d
LIN
1:1o(3+1)2d
2:2d(2+1)3n
3:2o(3+1)4d
4:4o(2+1)5d",G50899UD,"Fuc:1,Gal:2,Glc:1,GlcNAc:1"
G31457FJ,Gal(a1-3)[Fuc(a1-2)]Gal(b1-4)Glc,"RES
1b:x-dglc-HEX-1:5
2b:b-dgal-HEX-1:5
3b:a-lgal-HEX-1:5|6:d
4b:a-dgal-HEX-1:5
LIN
1:1o(4+1)2d
2:2o(2+1)3d
3:2o(3+1)4d",G31457FJ,"Fuc:1,Gal:2,Glc:1"
G93265RE,Gal(b1-3)Glc,"RES
1b:x-dglc-HEX-1:5
2b:b-dgal-HEX-1:5
LIN
1:1o(3+1)2d",G93265RE,"Gal:1,Glc:1"
G11928TH,GalNAc(a1-3)[Fuc(a1-2)]Gal(b1-3)GlcNAc(b1-3)Gal(b1-4)Glc,"RES
1b:x-dglc-HEX-1:5
2b:b-dgal-HEX-1:5
3b:b-dglc-HEX-1:5
4s:n-acetyl
5b:b-dgal-HEX-1:5
6b:a-lgal-HEX-1:5|6:d
7b:a-dgal-HEX-1:5
8s:n-acetyl
LIN
1:1o(4+1)2d
2:2o(3+1)3d
3:3d(2+1)4n
4:3o(3+1)5d
5:5o(2+1)6d
6:5o(3+1)7d
7:7d(2+1)8n",G11928TH,"Fuc:1,Gal:3,GalNAc:1,Glc:2,GlcNAc:1"
G22270QF,Gal(a1-3)[Fuc(a1-2)]Gal(b1-3)GlcNAc(b1-3)Gal(b1-4)Glc,"RES
1b:x-dglc-HEX-1:5
2b:b-dgal-HEX-1:5
3b:b-dglc-HEX-1:5
4s:n-acetyl
5b:b-dgal-HEX-1:5
6b:a-lgal-HEX-1:5|6:d
7b:a-dgal-HEX-1:5
LIN
1:1o(4+1)2d
2:2o(3+1)3d
3:3d(2+1)4n
4:3o(3+1)5d
5:5o(2+1)6d
6:5o(3+1)7d",G22270QF,"Fuc:1,Gal:3,Glc:2,GlcNAc:1"
G17108EX,GalNAc(a1-3)[Fuc(a1-2)]Gal(b1-4)GlcNAc,"RES
1b:x-dglc-HEX-1:5
2s:n-acetyl
3b:b-dgal-HEX-1:5
4b:a-lgal-HEX-1:5|6:d
5b:a-dgal-HEX-1:5
6s:n-acetyl
LIN
1:1d(2+1)2n
2:1o(4+1)3d
3:3o(2+1)4d
4:3o(3+1)5d
5:5d(2+1)6n",G17108EX,"Fuc:1,Gal:2,GalNAc:1,Glc:1,GlcNAc:1"
G59684CA,GlcNAc(b1-2)Man(a1-3)[GlcNAc(b1-2)Man(a1-6)][GlcNAc(b1-4)]Man,"RES
1b:x-dman-HEX-1:5
2b:a-dman-HEX-1:5
3b:b-dglc-HEX-1:5
4s:n-acetyl
5b:b-dglc-HEX-1:5
6s:n-acetyl
7b:a-dman-HEX-1:5
8b:b-dglc-HEX-1:5
9s:n-acetyl
LIN
1:1o(3+1)2d
2:2o(2+1)3d
3:3d(2+1)4n
4:1o(4+1)5d
5:5d(2+1)6n
6:1o(6+1)7d
7:7o(2+1)8d
8:8d(2+1)9n",G59684CA,"Glc:3,GlcNAc:3,Man:3"
G87727XV,GlcNAc(b1-3)Gal(b1-4)Glc,"RES
1b:x-dglc-HEX-1:5
2b:b-dgal-HEX-1:5
3b:b-dglc-HEX-1:5
4s:n-acetyl
LIN
1:1o(4+1)2d
2:2o(3+1)3d
3:3d(2+1)4n",G87727XV,"Gal:1,Glc:2,GlcNAc:1"
G48236KP,NeuGc(a2-3)Gal(b1-4)GlcNAc,"RES
1b:x-dglc-HEX-1:5
2s:n-acetyl
3b:b-dgal-HEX-1:5
4b:a-dgro-dgal-NON-2:6|1:a|2:keto|3:d
5s:n-glycolyl
LIN
1:1d(2+1)2n
2:1o(4+1)3d
3:3o(3+2)4d
4:4d(5+1)5n",G48236KP,"Gal:1,Glc:1,GlcNAc:1,Neu:1"
G45827GY,Gal(b1-3)GlcNAc(b1-3)Gal(b1-4)Glc,"RES
1b:x-dglc-HEX-1:5
2b:b-dgal-HEX-1:5
3b:b-dglc-HEX-1:5
4s:n-acetyl
5b:b-dgal-HEX-1:5
LIN
1:1o(4+1)2d
2:2o(3+1)3d
3:3d(2+1)4n
4:3o(3+1)5d",G45827GY,"Gal:2,Glc:2,GlcNAc:1"
G46208LD,Fuc(a1-6)GlcNAc,"RES
1b:x-dglc-HEX-1:5
2s:n-acetyl
3b:a-lgal-HEX-1:5|6:d
LIN
1:1d(2+1)2n
2:1o(6+1)3d",G46208LD,"Fuc:1,Glc:1,GlcNAc:1"
G38028NH,Galf,"RES
1b:x-dgal-HEX-1:4",G38028NH,Gal:1
G48117BL,GlcNAc(b1-3)Gal(b1-4)GlcNAc,"RES
1b:x-dglc-HEX-1:5
2s:n-acetyl
3b:b-dgal-HEX-1:5
4b:b-dglc-HEX-1:5
5s:n-acetyl
LIN
1:1d(2+1)2n
2:1o(4+1)3d
3:3o(3+1)4d
4:4d(2+1)5n",G48117BL,"Gal:1,Glc:2,GlcNAc:2"
G86640EE,Glc(a1-6)Glc(a1-6)Glc(a1-6)Glc,"RES
1b:x-dglc-HEX-1:5
2b:a-dglc-HEX-1:5
3b:a-dglc-HEX-1:5
4b:a-dglc-HEX-1:5
LIN
1:1o(6+1)2d
2:2o(6+1)3d
3:3o(6+1)4d",G86640EE,Glc:4
G14300ZJ,Fuc(a1-2)Gal(b1-3)[Fuc(a1-4)]GlcNAc(b1-3)Gal,"RES
1b:x-dgal-HEX-1:5
2b:b-dglc-HEX-1:5
3s:n-acetyl
4b:b-dgal-HEX-1:5
5b:a-lgal-HEX-1:5|6:d
6b:a-lgal-HEX-1:5|6:d
LIN
1:1o(3+1)2d
2:2d(2+1)3n
3:2o(3+1)4d
4:4o(2+1)5d
5:2o(4+1)6d",G14300ZJ,"Fuc:2,Gal:2,Glc:1,GlcNAc:1"
G48600JD,GalNAc(a1-3)[Fuc(a1-2)]Gal(b1-3)[Fuc(a1-4)]GlcNAc,"RES
1b:x-dglc-HEX-1:5
2s:n-acetyl
3b:b-dgal-HEX-1:5
4b:a-lgal-HEX-1:5|6:d
5b:a-dgal-HEX-1:5
6s:n-acetyl
7b:a-lgal-HEX-1:5|6:d
LIN
1:1d(2+1)2n
2:1o(3+1)3d
3:3o(2+1)4d
4:3o(3+1)5d
5:5d(2+1)6n
6:1o(4+1)7d",G48600JD,"Fuc:2,Gal:2,GalNAc:1,Glc:1,GlcNAc:1"
G38949DT,Gal(a1-3)[Fuc(a1-2)]Gal(b1-3)[Fuc(a1-4)]GlcNAc(b1-3)Gal(b1-4)Glc,"RES
1b:x-dglc-HEX-1:5
2b:b-dgal-HEX-1:5
3b:b-dglc-HEX-1:5
4s:n-acetyl
5b:b-dgal-HEX-1:5
6b:a-lgal-HEX-1:5|6:d
7b:a-dgal-HEX-1:5
8b:a-lgal-HEX-1:5|6:d
LIN
1:1o(4+1)2d
2:2o(3+1)3d
3:3d(2+1)4n
4:3o(3+1)5d
5:5o(2+1)6d
6:5o(3+1)7d
7:3o(4+1)8d",G38949DT,"Fuc:2,Gal:3,Glc:2,GlcNAc:1"
G28420BK,Gal(b1-3)[Fuc(a1-4)]GlcNAc(b1-3)Gal,"RES
1b:x-dgal-HEX-1:5
2b:b-dglc-HEX-1:5
3s:n-acetyl
4b:b-dgal-HEX-1:5
5b:a-lgal-HEX-1:5|6:d
LIN
1:1o(3+1)2d
2:2d(2+1)3n
3:2o(3+1)4d
4:2o(4+1)5d",G28420BK,"Fuc:1,Gal:2,Glc:1,GlcNAc:1"
G99627GJ,Gal(b1-4)[Fuc(a1-3)]GlcNAc(b1-4)Glc,"RES
1b:x-dglc-HEX-1:5
2b:b-dglc-HEX-1:5
3s:n-acetyl
4b:a-lgal-HEX-1:5|6:d
5b:b-dgal-HEX-1:5
LIN
1:1o(4+1)2d
2:2d(2+1)3n
3:2o(3+1)4d
4:2o(4+1)5d",G99627GJ,"Fuc:1,Gal:1,Glc:2,GlcNAc:1"
G06210XB,Gal(b1-4)[Fuc(a1-3)]Glc,"RES
1b:x-dglc-HEX-1:5
2b:a-lgal-HEX-1:5|6:d
3b:b-dgal-HEX-1:5
LIN
1:1o(3+1)2d
2:1o(4+1)3d",G06210XB,"Fuc:1,Gal:1,Glc:1"
G63363XX,Gal(a1-3)Gal(b1-4)Gal,"RES
1b:x-dgal-HEX-1:5
2b:b-dgal-HEX-1:5
3b:a-dgal-HEX-1:5
LIN
1:1o(4+1)2d
2:2o(3+1)3d",G63363XX,Gal:3
G82775QT,NeuAc(a2-8)NeuAc(a2-3)Gal,"RES
1b:x-dgal-HEX-1:5
2b:a-dgro-dgal-NON-2:6|1:a|2:keto|3:d
3s:n-acetyl
4b:a-dgro-dgal-NON-2:6|1:a|2:keto|3:d
5s:n-acetyl
LIN
1:1o(3+2)2d
2:2d(5+1)3n
3:2o(8+2)4d
4:4d(5+1)5n",G82775QT,"Gal:1,Neu:2,NeuAc:2"
G43923BC,GlcNAc(b1-2)Man(a1-3)[GlcNAc(b1-4)][Gal(b1-4)GlcNAc(b1-2)Man(a1-6)]Man(b1-4)GlcNAc,"RES
1b:x-dglc-HEX-1:5
2s:n-acetyl
3b:b-dman-HEX-1:5
4b:a-dman-HEX-1:5
5b:b-dglc-HEX-1:5
6s:n-acetyl
7b:b-dglc-HEX-1:5
8s:n-acetyl
9b:a-dman-HEX-1:5
10b:b-dglc-HEX-1:5
11s:n-acetyl
12b:b-dgal-HEX-1:5
LIN
1:1d(2+1)2n
2:1o(4+1)3d
3:3o(3+1)4d
4:4o(2+1)5d
5:5d(2+1)6n
6:3o(4+1)7d
7:7d(2+1)8n
8:3o(6+1)9d
9:9o(2+1)10d
10:10d(2+1)11n
11:10o(4+1)12d",G43923BC,"Gal:1,Glc:4,GlcNAc:4,Man:3"
G42784QY,NeuAc(a2-3)Gal(b1-3)GalNAc(b1-3)Gal(a1-4)Gal(b1-4)Glc,"RES
1b:x-dglc-HEX-1:5
2b:b-dgal-HEX-1:5
3b:a-dgal-HEX-1:5
4b:b-dgal-HEX-1:5
5s:n-acetyl
6b:b-dgal-HEX-1:5
7b:a-dgro-dgal-NON-2:6|1:a|2:keto|3:d
8s:n-acetyl
LIN
1:1o(4+1)2d
2:2o(4+1)3d
3:3o(3+1)4d
4:4d(2+1)5n
5:4o(3+1)6d
6:6o(3+2)7d
7:7d(5+1)8n",G42784QY,"Gal:4,GalNAc:1,Glc:1,Neu:1,NeuAc:1"
G10674CI,GalNAc(a1-3)GalNAc(b1-3)Gal(a1-4)Gal,"RES
1b:x-dgal-HEX-1:5
2b:a-dgal-HEX-1:5
3b:b-dgal-HEX-1:5
4s:n-acetyl
5b:a-dgal-HEX-1:5
6s:n-acetyl
LIN
1:1o(4+1)2d
2:2o(3+1)3d
3:3d(2+1)4n
4:3o(3+1)5d
5:5d(2+1)6n",G10674CI,"Gal:4,GalNAc:2"
G29783MB,Man(a1-2)Man(a1-3)[Man(a1-2)Man(a1-6)]Man,"RES
1b:x-dman-HEX-1:5
2b:a-dman-HEX-1:5
3b:a-dman-HEX-1:5
4b:a-dman-HEX-1:5
5b:a-dman-HEX-1:5
LIN
1:1o(3+1)2d
2:2o(2+1)3d
3:1o(6+1)4d
4:4o(2+1)5d",G29783MB,Man:5
G56202TA,Man(a1-2)Man(a1-6)[Man(a1-2)Man(a1-3)]Man(a1-6)[Man(a1-2)Man(a1-2)Man(a1-3)]Man(b1-4)GlcNAc(b1-4)GlcNAc,"RES
1b:x-dglc-HEX-1:5
2s:n-acetyl
3b:b-dglc-HEX-1:5
4s:n-acetyl
5b:b-dman-HEX-1:5
6b:a-dman-HEX-1:5
7b:a-dman-HEX-1:5
8b:a-dman-HEX-1:5
9b:a-dman-HEX-1:5
10b:a-dman-HEX-1:5
11b:a-dman-HEX-1:5
12b:a-dman-HEX-1:5
13b:a-dman-HEX-1:5
LIN
1:1d(2+1)2n
2:1o(4+1)3d
3:3d(2+1)4n
4:3o(4+1)5d
5:5o(3+1)6d
6:6o(2+1)7d
7:7o(2+1)8d
8:5o(6+1)9d
9:9o(3+1)10d
10:10o(2+1)11d
11:9o(6+1)12d
12:12o(2+1)13d",G56202TA,"Glc:2,GlcNAc:2,Man:9"
G56299XO,NeuAc(a2-3)Gal(b1-3)GalNAc,"RES
1b:x-dgal-HEX-1:5
2s:n-acetyl
3b:b-dgal-HEX-1:5
4b:a-dgro-dgal-NON-2:6|1:a|2:keto|3:d
5s:n-acetyl
LIN
1:1d(2+1)2n
2:1o(3+1)3d
3:3o(3+2)4d
4:4d(5+1)5n",G56299XO,"Gal:2,GalNAc:1,Neu:1,NeuAc:1"
G95571UD,ManN,"RES
1b:x-dman-HEX-1:5
2s:amino
LIN
1:1d(2+1)2n",G95571UD,Man:1
G33864TQ,Gal(a1-6)Glc(a1-2)Fruf,"RES
1b:x-dara-HEX-2:5|2:keto
2b:a-dglc-HEX-1:5
3b:a-dgal-HEX-1:5
LIN
1:1o(2+1)2d
2:2o(6+1)3d",G33864TQ,"Gal:1,Glc:1"
G36859SD,Gal(b1-4)GlcNAc(b1-2)Man(a1-3)[GlcNAc(b1-2)Man(a1-6)]Man(b1-4)GlcNAc(b1-4)GlcNAc,"RES
1b:x-dglc-HEX-1:5
2s:n-acetyl
3b:b-dglc-HEX-1:5
4s:n-acetyl
5b:b-dman-HEX-1:5
6b:a-dman-HEX-1:5
7b:b-dglc-HEX-1:5
8s:n-acetyl
9b:b-dgal-HEX-1:5
10b:a-dman-HEX-1:5
11b:b-dglc-HEX-1:5
12s:n-acetyl
LIN
1:1d(2+1)2n
2:1o(4+1)3d
3:3d(2+1)4n
4:3o(4+1)5d
5:5o(3+1)6d
6:6o(2+1)7d
7:7d(2+1)8n
8:7o(4+1)9d
9:5o(6+1)10d
10:10o(2+1)11d
11:11d(2+1)12n",G36859SD,"Gal:1,Glc:4,GlcNAc:4,Man:3"
G82950HY,Gal(b1-3)[GlcNAc(b1-6)]GalNAc  ,"RES
1b:x-dgal-HEX-1:5
2s:n-acetyl
3b:b-dgal-HEX-1:5
4b:b-dglc-HEX-1:5
5s:n-acetyl
LIN
1:1d(2+1)2n
2:1o(3+1)3d
3:1o(6+1)4d
4:4d(2+1)5n",G82950HY,"Gal:2,GalNAc:1,Glc:1,GlcNAc:1"
G33888AF,GalNAc(a1-3)[Fuc(a1-2)]Gal(b1-4)[Fuc(a1-3)]GlcNAc,"RES
1b:x-dglc-HEX-1:5
2s:n-acetyl
3b:a-lgal-HEX-1:5|6:d
4b:b-dgal-HEX-1:5
5b:a-lgal-HEX-1:5|6:d
6b:a-dgal-HEX-1:5
7s:n-acetyl
LIN
1:1d(2+1)2n
2:1o(3+1)3d
3:1o(4+1)4d
4:4o(2+1)5d
5:4o(3+1)6d
6:6d(2+1)7n",G33888AF,"Fuc:2,Gal:2,GalNAc:1,Glc:1,GlcNAc:1"
G56173OR,GalNAc(a1-4)Gal,"RES
1b:x-dgal-HEX-1:5
2b:a-dgal-HEX-1:5
3s:n-acetyl
LIN
1:1o(4+1)2d
2:2d(2+1)3n",G56173OR,"Gal:2,GalNAc:1"
G65984FE,GlcNAc(b1-2)Man(a1-6)[GlcNAc(b1-2)Man(a1-3)]Man(b1-4)GlcNAc(b1-4)[Fuc(a1-6)]GlcNAc,"RES
1b:x-dglc-HEX-1:5
2s:n-acetyl
3b:b-dglc-HEX-1:5
4s:n-acetyl
5b:b-dman-HEX-1:5
6b:a-dman-HEX-1:5
7b:b-dglc-HEX-1:5
8s:n-acetyl
9b:a-dman-HEX-1:5
10b:b-dglc-HEX-1:5
11s:n-acetyl
12b:a-lgal-HEX-1:5|6:d
LIN
1:1d(2+1)2n
2:1o(4+1)3d
3:3d(2+1)4n
4:3o(4+1)5d
5:5o(3+1)6d
6:6o(2+1)7d
7:7d(2+1)8n
8:5o(6+1)9d
9:9o(2+1)10d
10:10d(2+1)11n
11:1o(6+1)12d",G65984FE,"Fuc:1,Glc:4,GlcNAc:4,Man:3"
G29024OJ,Gal(b1-4)GlcNAc(b1-2)Man(a1-6)[GlcNAc(b1-2)Man(a1-3)]Man(b1-4)GlcNAc(b1-4)[Fuc(a1-6)]GlcNAc,"RES
1b:x-dglc-HEX-1:5
2s:n-acetyl
3b:b-dglc-HEX-1:5
4s:n-acetyl
5b:b-dman-HEX-1:5
6b:a-dman-HEX-1:5
7b:b-dglc-HEX-1:5
8s:n-acetyl
9b:a-dman-HEX-1:5
10b:b-dglc-HEX-1:5
11s:n-acetyl
12b:b-dgal-HEX-1:5
13b:a-lgal-HEX-1:5|6:d
LIN
1:1d(2+1)2n
2:1o(4+1)3d
3:3d(2+1)4n
4:3o(4+1)5d
5:5o(3+1)6d
6:6o(2+1)7d
7:7d(2+1)8n
8:5o(6+1)9d
9:9o(2+1)10d
10:10d(2+1)11n
11:10o(4+1)12d
12:1o(6+1)13d",G29024OJ,"Fuc:1,Gal:1,Glc:4,GlcNAc:4,Man:3"
G96896RL,NeuAc(a2-3)Gal(b1-4)GlcNAc(b1-2)Man(a1-6)[GlcNAc(b1-2)Man(a1-3)]Man(b1-4)GlcNAc(b1-4)[Fuc(a1-6)]GlcNAc,"RES
1b:x-dglc-HEX-1:5
2s:n-acetyl
3b:b-dglc-HEX-1:5
4s:n-acetyl
5b:b-dman-HEX-1:5
6b:a-dman-HEX-1:5
7b:b-dglc-HEX-1:5
8s:n-acetyl
9b:a-dman-HEX-1:5
10b:b-dglc-HEX-1:5
11s:n-acetyl
12b:b-dgal-HEX-1:5
13b:a-dgro-dgal-NON-2:6|1:a|2:keto|3:d
14s:n-acetyl
15b:a-lgal-HEX-1:5|6:d
LIN
1:1d(2+1)2n
2:1o(4+1)3d
3:3d(2+1)4n
4:3o(4+1)5d
5:5o(3+1)6d
6:6o(2+1)7d
7:7d(2+1)8n
8:5o(6+1)9d
9:9o(2+1)10d
10:10d(2+1)11n
11:10o(4+1)12d
12:12o(3+2)13d
13:13d(5+1)14n
14:1o(6+1)15d",G96896RL,"Fuc:1,Gal:1,Glc:4,GlcNAc:4,Man:3,Neu:1,NeuAc:1"
G39326SA,Glc(a1-6)Glc,"RES
1b:x-dglc-HEX-1:5
2b:a-dglc-HEX-1:5
LIN
1:1o(6+1)2d",G39326SA,Glc:2
G02540QB,Xyl(b1-3)Glc(a1-3)Xyl(b1-3)GlcA,"RES
1b:x-dglc-HEX-1:5|6:a
2b:b-dxyl-PEN-1:5
3b:a-dglc-HEX-1:5
4b:b-dxyl-PEN-1:5
LIN
1:1o(3+1)2d
2:2o(3+1)3d
3:3o(3+1)4d",G02540QB,"Glc:2,Xyl:2"
G08371CD,NeuAc(a2-6)GalNAc,"RES
1b:x-dgal-HEX-1:5
2s:n-acetyl
3b:a-dgro-dgal-NON-2:6|1:a|2:keto|3:d
4s:n-acetyl
LIN
1:1d(2+1)2n
2:1o(6+2)3d
3:3d(5+1)4n",G08371CD,"Gal:1,GalNAc:1,Neu:1,NeuAc:1"
G18185ZH,NeuAc(a2-6)GlcNAc,"RES
1b:x-dglc-HEX-1:5
2s:n-acetyl
3b:a-dgro-dgal-NON-2:6|1:a|2:keto|3:d
4s:n-acetyl
LIN
1:1d(2+1)2n
2:1o(6+2)3d
3:3d(5+1)4n",G18185ZH,"Glc:1,GlcNAc:1,Neu:1,NeuAc:1"
G48646LG,GlcNAc(b1-4)GlcNAc(b1-4)GlcNAc(b1-4)GlcNAc(b1-4)GlcNAc(b1-4)GlcNAc,"RES
1b:x-dglc-HEX-1:5
2s:n-acetyl
3b:b-dglc-HEX-1:5
4s:n-acetyl
5b:b-dglc-HEX-1:5
6s:n-acetyl
7b:b-dglc-HEX-1:5
8s:n-acetyl
9b:b-dglc-HEX-1:5
10s:n-acetyl
11b:b-dglc-HEX-1:5
12s:n-acetyl
LIN
1:1d(2+1)2n
2:1o(4+1)3d
3:3d(2+1)4n
4:3o(4+1)5d
5:5d(2+1)6n
6:5o(4+1)7d
7:7d(2+1)8n
8:7o(4+1)9d
9:9d(2+1)10n
10:9o(4+1)11d
11:11d(2+1)12n",G48646LG,"Glc:6,GlcNAc:6"
G54021WX,Gal(b1-4)GlcNAc(b1-6)[Gal(b1-4)GlcNAc(b1-3)]Gal(b1-4)Glc,"RES
1b:x-dglc-HEX-1:5
2b:b-dgal-HEX-1:5
3b:b-dglc-HEX-1:5
4s:n-acetyl
5b:b-dgal-HEX-1:5
6b:b-dglc-HEX-1:5
7s:n-acetyl
8b:b-dgal-HEX-1:5
LIN
1:1o(4+1)2d
2:2o(3+1)3d
3:3d(2+1)4n
4:3o(4+1)5d
5:2o(6+1)6d
6:6d(2+1)7n
7:6o(4+1)8d",G54021WX,"Gal:3,Glc:3,GlcNAc:2"
G76867GJ,NeuAc(a2-3)Gal(b1-3)GalNAc(b1-4)[NeuAc(a2-3)]Gal,"RES
1b:x-dgal-HEX-1:5
2b:a-dgro-dgal-NON-2:6|1:a|2:keto|3:d
3s:n-acetyl
4b:b-dgal-HEX-1:5
5s:n-acetyl
6b:b-dgal-HEX-1:5
7b:a-dgro-dgal-NON-2:6|1:a|2:keto|3:d
8s:n-acetyl
LIN
1:1o(3+2)2d
2:2d(5+1)3n
3:1o(4+1)4d
4:4d(2+1)5n
5:4o(3+1)6d
6:6o(3+2)7d
7:7d(5+1)8n",G76867GJ,"Gal:3,GalNAc:1,Neu:2,NeuAc:2"
G81952HB,Gal(b1-4)Fruf,"RES
1b:x-dara-HEX-2:5|2:keto
2b:b-dgal-HEX-1:5
LIN
1:1o(4+1)2d",G81952HB,Gal:1
G80130IB,Gal(b1-4)[Fuc(a1-3)]GlcNAc(b1-3)Gal,"RES
1b:x-dgal-HEX-1:5
2b:b-dglc-HEX-1:5
3s:n-acetyl
4b:a-lgal-HEX-1:5|6:d
5b:b-dgal-HEX-1:5
LIN
1:1o(3+1)2d
2:2d(2+1)3n
3:2o(3+1)4d
4:2o(4+1)5d",G80130IB,"Fuc:1,Gal:2,Glc:1,GlcNAc:1"
G31080DL,Ribf,"RES
1b:x-drib-PEN-1:4",G31080DL,
G00055MO,Gal(b1-4)GlcNAc,"RES
1b:x-dglc-HEX-1:5
2s:n-acetyl
3b:x-dgal-HEX-1:5
LIN
1:1d(2+1)2n
2:1x(-1+-1)3x",G00055MO,"Gal:1,Glc:1,GlcNAc:1"
G81480NI,Rha(a1-6)Glc(a1-4)[GlcNAc(b1-3)]Gal(a1-3)GlcNAc,"RES
1b:x-dglc-HEX-1:5
2s:n-acetyl
3b:a-dgal-HEX-1:5
4b:b-dglc-HEX-1:5
5s:n-acetyl
6b:a-dglc-HEX-1:5
7b:a-lman-HEX-1:5|6:d
LIN
1:1d(2+1)2n
2:1o(3+1)3d
3:3o(3+1)4d
4:4d(2+1)5n
5:3o(4+1)6d
6:6o(6+1)7d",G81480NI,"Gal:1,Glc:3,GlcNAc:2,Rha:1"
G01367YJ,Rha(a1-3)GlcNAc(b1-2)Rha(a1-2)Rha(a1-3)Rha(a1-3)GlcNAc(b1-2)Rha(a1-2)Rha,"RES
1b:x-lman-HEX-1:5|6:d
2b:a-lman-HEX-1:5|6:d
3b:b-dglc-HEX-1:5
4s:n-acetyl
5b:a-lman-HEX-1:5|6:d
6b:a-lman-HEX-1:5|6:d
7b:a-lman-HEX-1:5|6:d
8b:b-dglc-HEX-1:5
9s:n-acetyl
10b:a-lman-HEX-1:5|6:d
LIN
1:1o(2+1)2d
2:2o(2+1)3d
3:3d(2+1)4n
4:3o(3+1)5d
5:5o(3+1)6d
6:6o(2+1)7d
7:7o(2+1)8d
8:8d(2+1)9n
9:8o(3+1)10d",G01367YJ,"Glc:2,GlcNAc:2,Rha:6"
G48027TR,Gal(b1-4)Gal,"RES
1b:x-dgal-HEX-1:5
2b:b-dgal-HEX-1:5
LIN
1:1o(4+1)2d",G48027TR,Gal:2
G61168WC,GalNAc(b1-4)[NeuAc(a2-3)]Gal(b1-4)Glc,"RES
1b:x-dglc-HEX-1:5
2b:b-dgal-HEX-1:5
3b:a-dgro-dgal-NON-2:6|1:a|2:keto|3:d
4s:n-acetyl
5b:b-dgal-HEX-1:5
6s:n-acetyl
LIN
1:1o(4+1)2d
2:2o(3+2)3d
3:3d(5+1)4n
4:2o(4+1)5d
5:5d(2+1)6n",G61168WC,"Gal:2,GalNAc:1,Glc:1,Neu:1,NeuAc:1"
G43415EE,NeuAc(a2-8)NeuAc(a2-3)Gal(b1-3)GalNAc(b1-4)[NeuAc(a2-3)]Gal,"RES
1b:x-dgal-HEX-1:5
2b:a-dgro-dgal-NON-2:6|1:a|2:keto|3:d
3s:n-acetyl
4b:b-dgal-HEX-1:5
5s:n-acetyl
6b:b-dgal-HEX-1:5
7b:a-dgro-dgal-NON-2:6|1:a|2:keto|3:d
8s:n-acetyl
9b:a-dgro-dgal-NON-2:6|1:a|2:keto|3:d
10s:n-acetyl
LIN
1:1o(3+2)2d
2:2d(5+1)3n
3:1o(4+1)4d
4:4d(2+1)5n
5:4o(3+1)6d
6:6o(3+2)7d
7:7d(5+1)8n
8:7o(8+2)9d
9:9d(5+1)10n",G43415EE,"Gal:3,GalNAc:1,Neu:3,NeuAc:3"
G79667RH,NeuAc(a2-3)Gal(b1-3)GalNAc(b1-4)Gal,"RES
1b:x-dgal-HEX-1:5
2b:b-dgal-HEX-1:5
3s:n-acetyl
4b:b-dgal-HEX-1:5
5b:a-dgro-dgal-NON-2:6|1:a|2:keto|3:d
6s:n-acetyl
LIN
1:1o(4+1)2d
2:2d(2+1)3n
3:2o(3+1)4d
4:4o(3+2)5d
5:5d(5+1)6n",G79667RH,"Gal:3,GalNAc:1,Neu:1,NeuAc:1"
G66150CT,NeuAc(a2-8)NeuAc(a2-3)Gal(b1-3)GalNAc(b1-4)Gal,"RES
1b:x-dgal-HEX-1:5
2b:b-dgal-HEX-1:5
3s:n-acetyl
4b:b-dgal-HEX-1:5
5b:a-dgro-dgal-NON-2:6|1:a|2:keto|3:d
6s:n-acetyl
7b:a-dgro-dgal-NON-2:6|1:a|2:keto|3:d
8s:n-acetyl
LIN
1:1o(4+1)2d
2:2d(2+1)3n
3:2o(3+1)4d
4:4o(3+2)5d
5:5d(5+1)6n
6:5o(8+2)7d
7:7d(5+1)8n",G66150CT,"Gal:3,GalNAc:1,Neu:2,NeuAc:2"
G54421JX,NeuAc(a2-3)Gal(a1-4)GlcNAc6S,"RES
1b:b-dglc-HEX-1:5
2s:n-acetyl
3b:a-dgal-HEX-1:5
4b:a-dgro-dgal-NON-2:6|1:a|2:keto|3:d
5s:n-acetyl
6s:sulfate
LIN
1:1d(2+1)2n
2:1o(4+1)3d
3:3o(3+2)4d
4:4d(5+1)5n
5:1o(6+1)6n",G54421JX,"Gal:1,Glc:1,GlcNAc:1,Neu:1,NeuAc:1"
G85849LM,NeuAc(a2-3)Gal(a1-4)[Fuc(a1-3)]GlcNAc,"RES
1b:x-dglc-HEX-1:5
2s:n-acetyl
3b:a-lgal-HEX-1:5|6:d
4b:a-dgal-HEX-1:5
5b:a-dgro-dgal-NON-2:6|1:a|2:keto|3:d
6s:n-acetyl
LIN
1:1d(2+1)2n
2:1o(3+1)3d
3:1o(4+1)4d
4:4o(3+2)5d
5:5d(5+1)6n",G85849LM,"Fuc:1,Gal:1,Glc:1,GlcNAc:1,Neu:1,NeuAc:1"
G70112MZ,GlcNAc(b1-3)GlcNAc(b1-3)GlcNAc,"RES
1b:x-dglc-HEX-1:5
2s:n-acetyl
3b:b-dglc-HEX-1:5
4s:n-acetyl
5b:b-dglc-HEX-1:5
6s:n-acetyl
LIN
1:1d(2+1)2n
2:1o(3+1)3d
3:3d(2+1)4n
4:3o(3+1)5d
5:5d(2+1)6n",G70112MZ,"Glc:3,GlcNAc:3"
G71960CZ,GlcNAc(a1-4)Gal,"RES
1b:x-dgal-HEX-1:5
2b:a-dglc-HEX-1:5
3s:n-acetyl
LIN
1:1o(4+1)2d
2:2d(2+1)3n",G71960CZ,"Gal:1,Glc:1,GlcNAc:1"
G41806AF,Fuc(a1-2)Gal(b1-3)GalNAc(b1-3)Gal(a1-4)Gal,"RES
1b:x-dgal-HEX-1:5
2b:a-dgal-HEX-1:5
3b:b-dgal-HEX-1:5
4s:n-acetyl
5b:b-dgal-HEX-1:5
6b:a-lgal-HEX-1:5|6:d
LIN
1:1o(4+1)2d
2:2o(3+1)3d
3:3d(2+1)4n
4:3o(3+1)5d
5:5o(2+1)6d",G41806AF,"Fuc:1,Gal:4,GalNAc:1"
G72520KQ,"Neu4,5,9Ac3","RES
1b:x-dgro-dgal-NON-2:6|1:a|2:keto|3:d
2s:acetyl
3s:n-acetyl
4s:acetyl
LIN
1:1o(4+1)2n
2:1d(5+1)3n
3:1o(9+1)4n",G72520KQ,Neu:1
G47325QT,Neu5Ac9Ac(a2-,"RES
1b:a-dgro-dgal-NON-2:6|1:a|2:keto|3:d
2s:n-acetyl
3s:acetyl
LIN
1:1d(5+1)2n
2:1o(9+1)3n",G47325QT,"Neu:1,Neu5Ac:1"
G22022PH,KO,"RES
1b:x-dgro-dtal-OCT-2:6|1:a|2:keto",G22022PH,
G75380KK,Rib,"RES
1b:x-drib-PEN-1:5",G75380KK,
G74266GF,Gal(b1-3)GalNAc(b1-4)Gal(b1-4)GlcNAc,"RES
1b:x-dglc-HEX-1:5
2s:n-acetyl
3b:b-dgal-HEX-1:5
4b:b-dgal-HEX-1:5
5s:n-acetyl
6b:b-dgal-HEX-1:5
LIN
1:1d(2+1)2n
2:1o(4+1)3d
3:3o(4+1)4d
4:4d(2+1)5n
5:4o(3+1)6d",G74266GF,"Gal:3,GalNAc:1,Glc:1,GlcNAc:1"
G11876JO,GalA(a1-4)GalA,"RES
1b:x-dgal-HEX-1:5|6:a
2b:a-dgal-HEX-1:5|6:a
LIN
1:1o(4+1)2d",G11876JO,Gal:2
G55087DR,GalA(a1-4)GalA(a1-4)GalA,"RES
1b:x-dgal-HEX-1:5|6:a
2b:a-dgal-HEX-1:5|6:a
3b:a-dgal-HEX-1:5|6:a
LIN
1:1o(4+1)2d
2:2o(4+1)3d",G55087DR,Gal:3
G56526JU,Fuc(a1-2)Gal(b1-3)GalNAc(b1-4)[NeuAc(a2-3)]Gal(b1-4)Glc,"RES
1b:x-dglc-HEX-1:5
2b:b-dgal-HEX-1:5
3b:a-dgro-dgal-NON-2:6|1:a|2:keto|3:d
4s:n-acetyl
5b:b-dgal-HEX-1:5
6s:n-acetyl
7b:b-dgal-HEX-1:5
8b:a-lgal-HEX-1:5|6:d
LIN
1:1o(4+1)2d
2:2o(3+2)3d
3:3d(5+1)4n
4:2o(4+1)5d
5:5d(2+1)6n
6:5o(3+1)7d
7:7o(2+1)8d",G56526JU,"Fuc:1,Gal:3,GalNAc:1,Glc:1,Neu:1,NeuAc:1"
G73077PR,"Neu5,9Ac2(a2-3)Gal(b1-4)GlcNAc","RES
1b:x-dglc-HEX-1:5
2s:n-acetyl
3b:b-dgal-HEX-1:5
4b:a-dgro-dgal-NON-2:6|1:a|2:keto|3:d
5s:n-acetyl
6s:n-acetyl
LIN
1:1d(2+1)2n
2:1o(4+1)3d
3:3o(3+2)4d
4:4d(5+1)5n
5:4d(9+1)6n",G73077PR,"Gal:1,Glc:1,GlcNAc:1,Neu:1"
G99118GR,"Neu4,5Ac2(a2-3)Gal(b1-4)GlcNAc","RES
1b:x-dglc-HEX-1:5
2s:n-acetyl
3b:b-dgal-HEX-1:5
4b:a-dgro-dgal-NON-2:6|1:a|2:keto|3:d
5s:n-acetyl
6s:n-acetyl
LIN
1:1d(2+1)2n
2:1o(4+1)3d
3:3o(3+2)4d
4:4d(4+1)5n
5:4d(5+1)6n",G99118GR,"Gal:1,Glc:1,GlcNAc:1,Neu:1"
G14633CL,NeuAc(a2-3)Gal(b1-3)GalNAc(b1-4)Gal(b1-4)Glc,"RES
1b:x-dglc-HEX-1:5
2b:b-dgal-HEX-1:5
3b:b-dgal-HEX-1:5
4s:n-acetyl
5b:b-dgal-HEX-1:5
6b:a-dgro-dgal-NON-2:6|1:a|2:keto|3:d
7s:n-acetyl
LIN
1:1o(4+1)2d
2:2o(4+1)3d
3:3d(2+1)4n
4:3o(3+1)5d
5:5o(3+2)6d
6:6d(5+1)7n",G14633CL,"Gal:3,GalNAc:1,Glc:1,Neu:1,NeuAc:1"
G57887YH,Man(a1-2)Man(a1-2)Man(a1-3)Man(b1-4)GlcNAc(b1-4)GlcNAc,"RES
1b:x-dglc-HEX-1:5
2s:n-acetyl
3b:b-dglc-HEX-1:5
4s:n-acetyl
5b:b-dman-HEX-1:5
6b:a-dman-HEX-1:5
7b:a-dman-HEX-1:5
8b:a-dman-HEX-1:5
LIN
1:1d(2+1)2n
2:1o(4+1)3d
3:3d(2+1)4n
4:3o(4+1)5d
5:5o(3+1)6d
6:6o(2+1)7d
7:7o(2+1)8d",G57887YH,"Glc:2,GlcNAc:2,Man:4"
G40915GX,Man(a1-3)Man(a1-6)[Man(a1-3)]Man(b1-4)GlcNAc(b1-4)GlcNAc,"RES
1b:x-dglc-HEX-1:5
2s:n-acetyl
3b:b-dglc-HEX-1:5
4s:n-acetyl
5b:b-dman-HEX-1:5
6b:a-dman-HEX-1:5
7b:a-dman-HEX-1:5
8b:a-dman-HEX-1:5
LIN
1:1d(2+1)2n
2:1o(4+1)3d
3:3d(2+1)4n
4:3o(4+1)5d
5:5o(3+1)6d
6:5o(6+1)7d
7:7o(3+1)8d",G40915GX,"Glc:2,GlcNAc:2,Man:4"
G71610GM,Man(a1-6)Man(a1-3)Man,"RES
1b:x-dman-HEX-1:5
2b:a-dman-HEX-1:5
3b:a-dman-HEX-1:5
LIN
1:1o(3+1)2d
2:2o(6+1)3d",G71610GM,Man:3
G62183BI,Man(a1-3)Man(a1-6)Man(a1-3)Man,"RES
1b:x-dman-HEX-1:5
2b:a-dman-HEX-1:5
3b:a-dman-HEX-1:5
4b:a-dman-HEX-1:5
LIN
1:1o(3+1)2d
2:2o(6+1)3d
3:3o(3+1)4d",G62183BI,Man:4
G05929XL,Man(a1-2)Man(a1-2)Man(a1-3)[Man(a1-3)Man(a1-6)]Man,"RES
1b:x-dman-HEX-1:5
2b:a-dman-HEX-1:5
3b:a-dman-HEX-1:5
4b:a-dman-HEX-1:5
5b:a-dman-HEX-1:5
6b:a-dman-HEX-1:5
LIN
1:1o(3+1)2d
2:2o(2+1)3d
3:3o(2+1)4d
4:1o(6+1)5d
5:5o(3+1)6d",G05929XL,Man:6
G53308XG,Xyl,"RES
1b:x-dxyl-PEN-1:5",G53308XG,Xyl:1
G47408FM,Xyl(b1-4)Xyl,"RES
1b:x-dxyl-PEN-1:5
2b:b-dxyl-PEN-1:5
LIN
1:1o(4+1)2d",G47408FM,Xyl:2
G17192MX,Xyl(b1-4)Xyl(b1-4)Xyl(b1-4)Xyl(b1-4)Xyl,"RES
1b:x-dxyl-PEN-1:5
2b:b-dxyl-PEN-1:5
3b:b-dxyl-PEN-1:5
4b:b-dxyl-PEN-1:5
5b:b-dxyl-PEN-1:5
LIN
1:1o(4+1)2d
2:2o(4+1)3d
3:3o(4+1)4d
4:4o(4+1)5d",G17192MX,Xyl:5
G75551YJ,GlcA(a1-2)Xyl(b1-4)Xyl,"RES
1b:x-dxyl-PEN-1:5
2b:b-dxyl-PEN-1:5
3b:a-dglc-HEX-1:5|6:a
LIN
1:1o(4+1)2d
2:2o(2+1)3d",G75551YJ,"Glc:1,Xyl:2"
G02223VY,GlcA(a1-2)Xyl(b1-4)Xyl(b1-4)Xyl,"RES
1b:x-dxyl-PEN-1:5
2b:b-dxyl-PEN-1:5
3b:b-dxyl-PEN-1:5
4b:a-dglc-HEX-1:5|6:a
LIN
1:1o(4+1)2d
2:2o(4+1)3d
3:3o(2+1)4d",G02223VY,"Glc:1,Xyl:3"
G28148UM,Xyl(b1-4)Xyl(b1-4)Xyl(b1-4)Xyl,"RES
1b:x-dxyl-PEN-1:5
2b:b-dxyl-PEN-1:5
3b:b-dxyl-PEN-1:5
4b:b-dxyl-PEN-1:5
LIN
1:1o(4+1)2d
2:2o(4+1)3d
3:3o(4+1)4d",G28148UM,Xyl:4
G88980IR,LAra,"RES
1b:x-lara-PEN-1:5",G88980IR,Ara:1
G94952MX,Gal(b1-3)Gal(b1-3)Gal,"RES
1b:x-dgal-HEX-1:5
2b:b-dgal-HEX-1:5
3b:b-dgal-HEX-1:5
LIN
1:1o(3+1)2d
2:2o(3+1)3d",G94952MX,Gal:3
G69726TU,Fuc(a1-3)GlcNAc,"RES
1b:x-dglc-HEX-1:5
2s:n-acetyl
3b:a-lgal-HEX-1:5|6:d
LIN
1:1d(2+1)2n
2:1o(3+1)3d",G69726TU,"Fuc:1,Glc:1,GlcNAc:1"
G31734OS,Gal(a1-3)[Fuc(a1-2)]Gal(b1-3)Glc,"RES
1b:x-dglc-HEX-1:5
2b:b-dgal-HEX-1:5
3b:a-lgal-HEX-1:5|6:d
4b:a-dgal-HEX-1:5
LIN
1:1o(3+1)2d
2:2o(2+1)3d
3:2o(3+1)4d",G31734OS,"Fuc:1,Gal:2,Glc:1"
G57875CW,Fuc(a1-2)Gal(b1-4)[Fuc(a1-3)]GlcNAc(b1-3)Glc,"RES
1b:x-dglc-HEX-1:5
2b:b-dglc-HEX-1:5
3s:n-acetyl
4b:a-lgal-HEX-1:5|6:d
5b:b-dgal-HEX-1:5
6b:a-lgal-HEX-1:5|6:d
LIN
1:1o(3+1)2d
2:2d(2+1)3n
3:2o(3+1)4d
4:2o(4+1)5d
5:5o(2+1)6d",G57875CW,"Fuc:2,Gal:1,Glc:2,GlcNAc:1"
G76680HJ,GlcNAc(b1-4)[Fuc(a1-6)]GlcNAc,"RES
1b:x-dglc-HEX-1:5
2s:n-acetyl
3b:b-dglc-HEX-1:5
4s:n-acetyl
5b:a-lgal-HEX-1:5|6:d
LIN
1:1d(2+1)2n
2:1o(4+1)3d
3:3d(2+1)4n
4:1o(6+1)5d",G76680HJ,"Fuc:1,Glc:2,GlcNAc:2"
G45995IV,Man(a1-6)[Man(a1-3)]Man(b1-4)GlcNAc(b1-4)[Fuc(a1-6)]GlcNAc,"RES
1b:x-dglc-HEX-1:5
2s:n-acetyl
3b:b-dglc-HEX-1:5
4s:n-acetyl
5b:b-dman-HEX-1:5
6b:a-dman-HEX-1:5
7b:a-dman-HEX-1:5
8b:a-lgal-HEX-1:5|6:d
LIN
1:1d(2+1)2n
2:1o(4+1)3d
3:3d(2+1)4n
4:3o(4+1)5d
5:5o(3+1)6d
6:5o(6+1)7d
7:1o(6+1)8d",G45995IV,"Fuc:1,Glc:2,GlcNAc:2,Man:3"
G19747OA,Man(a1-6)[Man(a1-3)]Man(a1-6)[Man(a1-2)Man(a1-3)]Man(b1-4)GlcNAc(b1-4)GlcNAc,"RES
1b:x-dglc-HEX-1:5
2s:n-acetyl
3b:b-dglc-HEX-1:5
4s:n-acetyl
5b:b-dman-HEX-1:5
6b:a-dman-HEX-1:5
7b:a-dman-HEX-1:5
8b:a-dman-HEX-1:5
9b:a-dman-HEX-1:5
10b:a-dman-HEX-1:5
LIN
1:1d(2+1)2n
2:1o(4+1)3d
3:3d(2+1)4n
4:3o(4+1)5d
5:5o(3+1)6d
6:6o(2+1)7d
7:5o(6+1)8d
8:8o(3+1)9d
9:8o(6+1)10d",G19747OA,"Glc:2,GlcNAc:2,Man:6"
G03652TR,Man(a1-6)[Man(a1-3)]Man(a1-6)[Man(a1-3)]Man(b1-4)GlcNAc(b1-4)GlcNAc,"RES
1b:x-dglc-HEX-1:5
2s:n-acetyl
3b:b-dglc-HEX-1:5
4s:n-acetyl
5b:b-dman-HEX-1:5
6b:a-dman-HEX-1:5
7b:a-dman-HEX-1:5
8b:a-dman-HEX-1:5
9b:a-dman-HEX-1:5
LIN
1:1d(2+1)2n
2:1o(4+1)3d
3:3d(2+1)4n
4:3o(4+1)5d
5:5o(3+1)6d
6:5o(6+1)7d
7:7o(3+1)8d
8:7o(6+1)9d",G03652TR,"Glc:2,GlcNAc:2,Man:5"
G36358CR,Gal(b1-1)Gal,"RES
1b:x-dgal-HEX-1:5
2b:b-dgal-HEX-1:5
LIN
1:1o(1+1)2d",G36358CR,Gal:2
G74780ZE,Man(a1-2)Man(a1-2)Man(a1-6)Man,"RES
1b:x-dman-HEX-1:5
2b:a-dman-HEX-1:5
3b:a-dman-HEX-1:5
4b:a-dman-HEX-1:5
LIN
1:1o(6+1)2d
2:2o(2+1)3d
3:3o(2+1)4d",G74780ZE,Man:4
G74407MX,All,"RES
1b:x-dall-HEX-1:5",G74407MX,
G60395SO,Gal(a1-3)[Fuc(a1-2)]Gal(b1-3)[Fuc(a1-4)]GlcNAc,"RES
1b:x-dglc-HEX-1:5
2s:n-acetyl
3b:b-dgal-HEX-1:5
4b:a-lgal-HEX-1:5|6:d
5b:a-dgal-HEX-1:5
6b:a-lgal-HEX-1:5|6:d
LIN
1:1d(2+1)2n
2:1o(3+1)3d
3:3o(2+1)4d
4:3o(3+1)5d
5:1o(4+1)6d",G60395SO,"Fuc:2,Gal:2,Glc:1,GlcNAc:1"
G70871FU,GlcNAc(b1-4)GlcA(b1-3)GlcNAc(b1-4)GlcA(b1-3)GlcNAc(b1-4)GlcA(b1-3)GlcNAc(b1-4)GlcA(b1-3)GlcNAc,"RES
1b:x-dglc-HEX-1:5
2s:n-acetyl
3b:b-dglc-HEX-1:5|6:a
4b:b-dglc-HEX-1:5
5s:n-acetyl
6b:b-dglc-HEX-1:5|6:a
7b:b-dglc-HEX-1:5
8s:n-acetyl
9b:b-dglc-HEX-1:5|6:a
10b:b-dglc-HEX-1:5
11s:n-acetyl
12b:b-dglc-HEX-1:5|6:a
13b:b-dglc-HEX-1:5
14s:n-acetyl
LIN
1:1d(2+1)2n
2:1o(3+1)3d
3:3o(4+1)4d
4:4d(2+1)5n
5:4o(3+1)6d
6:6o(4+1)7d
7:7d(2+1)8n
8:7o(3+1)9d
9:9o(4+1)10d
10:10d(2+1)11n
11:10o(3+1)12d
12:12o(4+1)13d
13:13d(2+1)14n",G70871FU,"Glc:9,GlcNAc:5"
G03006JP,Man(a1-2)Man(a1-2)Man(a1-2)Man,"RES
1b:x-dman-HEX-1:5
2b:a-dman-HEX-1:5
3b:a-dman-HEX-1:5
4b:a-dman-HEX-1:5
LIN
1:1o(2+1)2d
2:2o(2+1)3d
3:3o(2+1)4d",G03006JP,Man:4
undefined,Gal(a1-6)Glc(a1-2)[Gal(a1-1)]Fru,"RES
1b:x-dara-HEX-2:6|2:keto
2b:a-dgal-HEX-1:5
3b:a-dglc-HEX-1:5
4b:a-dgal-HEX-1:5
LIN
1:1o(1+1)2d
2:1o(2+1)3d
3:3o(6+1)4d",undefined,"Gal:2,Glc:1"
